row__PRDLST_REPORT_NO,row__PRDLST_NM,row__BAR_CD,row__PRDLST_DCNM,row__BSSH_NM,row__INDUTY_NM
1993046102294,연세 유기농두유,8801753002172,가공두유,연세대학교 연세유업,식품제조가공업
19940362206134,비빔냉면,8801364200059,숙면,삼오식품(주),식품제조가공업
1980034700269,디럭스짜장,8801052402277,소스,대상(주)기흥공장,식품제조가공업
20040227942439,후레쉬스트로베리,8809288632024,빵류,비알코리아(주)광주공장,식품제조가공업
201201748391,우방근차,8809176370021,침출차,티원코리아,식품제조가공업
19870368045131,계피향캔디,8801696003243,캔디류,(주)한일제과,식품제조가공업
201103725328,볶음 캐슈넛,8809374420443,땅콩 또는 견과류가공품,(주)산과들에,식품제조가공업
19760144008100,찌개된장A,8801126031846,된장,(주)오복식품,식품제조가공업
200904873803,콩까스,8809106089023,두류가공품,농업회사법인유한회사 대신물산  제2공장,식품제조가공업
200806210186,섬진강다슬기진액,8809298401047,기타가공품,(주)정옥,식품제조가공업
2001046725989,고려흑삼타블렛,8809082727414,기타가공품,(주)고려바이오홍삼,식품제조가공업
20040320032149,로즈마리(홀),8805017300301,천연향신료,(주)뚜레반,식품제조가공업
201306278863,프루낵(사과),8809393500232,과.채가공품,농업회사법인 주식회사 제주팜이십일,식품제조가공업
2013044700117,검정콩조림,8809371370710,조림류,(주)한스비앤에프 단양지점,식품제조가공업
2000021625214,청화볶음깨,8809135860501,기타가공품,(주)청화식품,식품제조가공업
2010040001437,마스크마스터즈 미니밀크 오리지날,8809394930366,캔디류,건국건강 영농조합법인,식품제조가공업
19830487051142,클래식 넛츠,8801117448509,초콜릿가공품,(주)오리온 제3익산공장,식품제조가공업
1983060601616,삼천포쥐치포,8809322370035,조미건어포,성일산업,식품제조가공업
2008061458749,정성가득 육개장,8809257828472,식육추출가공품,(주)아워홈,축산물가공업-식육가공업
1989047400859,두솔 순두부,8801491400452,두부,(주)두솔,식품제조가공업
200003201554,복분자꿀차,8809033180169,액상차,(주)고려인삼뿌리방,식품제조가공업
200003201554,복분자꿀차,8809033180169,액상차,(주)고려인삼뿌리방,식품제조가공업
1988044200468,발효숙성흑마늘600,8809231003741,액상차,풀무원건강생활(주),식품제조가공업
1998037900114,순살치킨까스,8809159652229,분쇄가공육제품,(주)신화푸드,축산물가공업-식육가공업
19870275001298,삼호 부산어묵 종합,8801242048612,어묵,씨제이 씨푸드 주식회사,식품제조가공업
1994045922947,대천김,8804702301623,조미김,(주)삼육수산,식품제조가공업
1999045915122,산푸드돌자반,8809029537007,조미김,신진수산맛김(주),식품제조가공업
19750443001206,설록 봄날 난꽃향 그린티,8801042631434,침출차,농업회사법인(주)오설록농장,식품제조가공업
19750443001206,설록 봄날 난꽃향 그린티,8801042631434,침출차,(주)오설록농장,식품제조가공업
2001046448024,무항생제 닭으로 만든 삼계탕,8809077297014,식육함유가공품,성연식품주식회사,식품제조가공업
2000018831129,카스테라,8809411770142,빵류,동산베이커리,식품제조가공업
2008034704324,해물 불 짬뽕,8809214248114,즉석조리식품,(주)태종FD,식품제조가공업
19960242067234,듀페애플시나몬플라워케이크,8801062519071,과자,롯데웰푸드(주),식품제조가공업
2010015622893,바미조아,8809374431784,곡류가공품,주식회사 바비조아,식품제조가공업
1990037001490,땅콩버터구이오징어(채),8804085030417,조미건어포,(주)신원종합상사,식품제조가공업
20060188160171,궁전방 햇살 조랭이,8809180370260,떡류,(주)궁전방,식품제조가공업
2008021633322,창희쫄면,8802151005208,숙면,(주)창희식품,식품제조가공업
197102750032089,하와이안팡,8801016353690,빵류,(주)샤니,식품제조가공업
20030347105710,까망베르치즈무스케익,8809331502618,빵류,(주)아워홈,식품제조가공업
1990046110354,아주존 순백후추,8802060002435,천연향신료,(주)우리승진식품,식품제조가공업
2009006999213,백앙금빵,8809287670140,빵류,(주)후피푸드,식품제조가공업
2004063143211,제주농장알로에겔차,8809185360266,액상차,제주농장영농조합법인,식품제조가공업
20010538182158,우리가족애 쌀국수(멸치맛),8801165012615,건면,주식회사미정,식품제조가공업
2008049903264,치즈웨지감자(냉동전비가열제춤/가열후섭취 냉동식품),8809363820025,서류가공품,전이수산,식품제조가공업
1997052601834,찹쌀가루,8808140300002,곡류가공품,나비골농협가공공장,식품제조가공업
2012018844068,농협안심닭 통닭,8809377550567,포장육,(주)우보식품,식육포장처리업
19980262020120,빅 함박스테이크,8807022000160,분쇄가공육제품,주식회사 태림에프웰,축산물가공업-식육가공업
197202880021179,스파게티면,8801045650050,숙면,주식회사 오뚜기,식품제조가공업
197604870055,다이제,8801117293222,과자,(주)오리온 제2익산공장,식품제조가공업
19960458039330,자연은 170일 배,8801382144236,과.채음료,웅진식품(주),식품제조가공업
19910481023100,두레원유자차,8802920004074,액상차,고려자연식품(주),식품제조가공업
1996037025031,김치만두,8809008630040,만두,(주)우리들식품,식품제조가공업
2000044104312,제주감귤,8801121505151,농축과.채즙(또는 과.채분),매일유업(주)영동공장,식품제조가공업
2012026207226,불고기후랑크,8809406030077,소시지,농업회사법인 킹스테이블(주),축산물가공업-식육가공업
1992020218440,티오 아이스티 복숭아맛,8801037048308,고형차,동서식품(주),식품제조가공업
19690086003100,이브,8801062310173,추잉껌,롯데웰푸드(주),식품제조가공업
1993047202772,한울총각김치,8801316011047,김치,농업회사법인 주식회사 한울,식품제조가공업
19880449001152,이마트세이브(save)쌈장,8801161320271,혼합장,신송식품주식회사,식품제조가공업
19870190051183,양송이맛스프,8801007019253,소스,씨제이제일제당(주),식품제조가공업
1994057201224,삼육두유 검은콩칼슘,8801136501230,가공두유,삼육네이처세븐,식품제조가공업
201204351507,아라팜 새우 가루,8809356702321,기타 수산물가공품,가야농수산,식품제조가공업
19870189001130,백설고기산적,8801007571041,분쇄가공육제품,씨제이제일제당(주),축산물가공업-식육가공업
19960308010265,광동비타500키즈(KIDS)포켓몬스터사과,8806002009025,혼합음료,광동제약주식회사,식품제조가공업
2011035845113,유기농365너트앤베리(아몬드블루베리믹스),8809236001841,땅콩 또는 견과류가공품,(주)코레드 인터내쇼날,식품제조가공업
2008050908721,진하고달콤한쵸코믹스,8809257330418,기타 코코아가공품,주식회사 담터에프엔비,식품제조가공업
19780368002246,이프로부족할때 사과,8801056005689,혼합음료,롯데칠성음료(주),식품제조가공업
19690086003338,빼빼로,8801062276998,초콜릿가공품,롯데웰푸드(주),식품제조가공업
2001054954158,보글보글찌개면,8801043805322,유탕면,(주)농심,식품제조가공업
199503380152787,화이트크림빵,8801068014938,빵류,주식회사 에스피씨삼립,식품제조가공업
2011025414543,옛간12곡미숫가루국산,8809364163817,즉석섭취식품,(주)옛간,식품제조가공업
201003304321,고기로스용파채소스,8809315110013,소스,청맥식품,식품제조가공업
201003304321,파채소스,8809315110013,소스,청맥식품,식품제조가공업
199103680066,들깨가루,8801356140035,기타 농산가공품,성진식품,식품제조가공업
20080458027181,양배추,8809126923826,과.채가공품,프레시플러스(주)공주제1공장,식품제조가공업
19870368045152,누룽지향캔디,8801696001409,캔디류,(주)한일제과,식품제조가공업
1985034700269,꾸러기박사(체리맛),8806001084047,혼합음료,일양약품(주)건강사업부,식품제조가공업
200706274251,은갈치,8809416010281,기타 수산물가공품,제주일품수산,식품제조가공업
19970443119100,화이트러브,8801111413183,캔디류,(주)크라운제과진천공장,식품제조가공업
19970368029211,키위에이드,8802711188167,혼합음료,세준푸드 농업회사법인 주식회사,식품제조가공업
2000039221517,설악산 묵마을 들깨묵,8809051710041,묵류,설악식품,식품제조가공업
2006036231436,고구마고로케,8809281780326,기타가공품,(주)대흥푸드,식품제조가공업
2006036231436,고구마고로케,8809281780326,기타가공품,(주)대흥푸드,식품제조가공업
2010056000461,오징어무말랭이,8801926530082,당절임,(주)도들샘F,식품제조가공업
20070358265170,이마트 사누끼생우동면,8809192910300,생면,주식회사 신세계푸드 이천 2공장,식품제조가공업
197102750031084,딸기크림샌드,8801016319139,빵류,(주)샤니,식품제조가공업
19980355336239,구수한홍삼티,8809013354467,침출차,고려인삼과학(주),식품제조가공업
199503380152410,하이면우동한그릇김치맛,8801068008821,숙면,주식회사 에스피씨삼립,식품제조가공업
197604870057,카카오비스킷 오리온샌드 까메오 White cream,8801117268701,과자,(주)오리온 제2익산공장,식품제조가공업
2000047506947,담채원 총각물김치,8809334528080,김치,농업회사법인주식회사담채원,식품제조가공업
1986058904352,맥심아라비카100부드러운블랙믹스,8801037037852,커피,동서식품(주),식품제조가공업
1991046107714,꼬마웨하스바닐라맛,8804433000161,과자,(주)삼아인터내셔날,식품제조가공업
2004044526825,키위비타미파워,8809001235266,캔디류,(주)아오스,식품제조가공업
1993013013925,너트프라자,8809102680125,땅콩 또는 견과류가공품,세계식품주식회사,식품제조가공업
20070358224258,레몬 다이어트,8809148009492,체중조절용 조제식품,코스맥스엔비티(주),식품제조가공업
200006074191,김해 참 순대,8809353230209,즉석조리식품,태양식품,식품제조가공업
2012037210120,브레딩 믹스,8809406750142,복합조미식품,(주)포앤그린,식품제조가공업
1989035501256,왕손칼국수,8801759011390,생면,칠갑농산(주),식품제조가공업
198604730081,멸치진국,8809004470145,조미액젓,(주)매일절임식품,식품제조가공업
2004061478716,진주더블스모크햄,8801077529607,햄,(주)진주햄,축산물가공업-식육가공업
19760262001146,이태리안피자치즈,8801155643010,자연치즈,(주)동원F&B 수원공장,축산물가공업-유가공업
2002035559210,들기름,8805177001186,들기름,(주)사임당식품,식품제조가공업
199503380152382,쫀득한딸기도너츠,8801068008258,빵류,주식회사 에스피씨삼립,식품제조가공업
19960458039220,내사랑유자c,8801382132455,혼합음료,웅진식품(주),식품제조가공업
1995020805628,혼합올리브유,8801039204542,올리브유,(주)사조대림,식품제조가공업
201303471322,나애차 제주 감귤꽃 화차,8809401990215,침출차,푸르메다,식품제조가공업
201303471322,푸르메다 제주 감귤꽃 홍차,8809401990215,침출차,푸르메다,식품제조가공업
201303471322,나애차 제주 감귤꽃 화차,8809401990215,침출차,푸르메다,식품제조가공업
200603721165,찡오랑 쥐포랑 맵쥐,8809251670329,조미건어포,오션플러스(Ocean Plus),식품제조가공업
200603721165,찡오랑 쥐포랑 맵쥐,8809251670329,조미건어포,한일건업,식품제조가공업
1998013111118,다슬기살,8808441100059,즉석조리식품,진성푸드,식품제조가공업
201303471218,이맛이다 스테이크 컵밥,8809378110081,즉석조리식품,(주)비컴,식품제조가공업
1987049901010,토박이순창조선된장,8802409322026,된장,토박이순창식품(주),식품제조가공업
2005045631542,종근당건강비타씨블루베리,8805915542919,캔디류,종근당건강(주),식품제조가공업
200302620411,이플러스베이컨,8809013402847,베이컨류,에쓰푸드홀딩스 주식회사,축산물가공업-식육가공업
1996046337053,한성열무김치,8803601010643,김치,(주)한성식품서산지점,식품제조가공업
1988044200478,우리아이 튼튼보감,8809231003963,액상차,풀무원건강생활(주),식품제조가공업
200600948862,녹차숙성왕구이(돼지),8809395360032,양념육,관악소상공인축산협동조합(우가유통),축산물가공업-식육가공업
2003016042736,흑마늘 맛족발,8809125320190,식육함유가공품,(주)신선미식품,식품제조가공업
1995044000232,중앙 핫쵸코 오리지날,8804342062038,기타 코코아가공품,중앙식품산업사,식품제조가공업
1996047104010,올리브향그윽한서천김,8805821310039,조미김,바다로21,식품제조가공업
201300808281,프리미엄 버진 코코넛 오일,8809423480022,기타식물성유지,코다랩,식품제조가공업
20010538182176,초이스엘 매콤달콤 쌀떡볶이,8801165011496,떡류,주식회사미정,식품제조가공업
19900490051171,피져,8801454800053,준초콜릿,(주)코롬방제과,식품제조가공업
2006060713914,바다香구운김밥김,8809023460998,조미김,한울식품,식품제조가공업
19870190051109,육개장,8801007049618,기타가공품,씨제이제일제당(주),식품제조가공업
198003750026,코카콜라,8801094014278,탄산음료,코카콜라음료(주),식품제조가공업
1973019001535,백설 요리당,8801007120300,당류가공품,씨제이제일제당(주),식품제조가공업
1997015700122,치킨떡갈비꼬치,8809062257016,분쇄가공육제품,참마음식품,축산물가공업-식육가공업
19690086003338,빼빼로,8801062274338,초콜릿가공품,롯데웰푸드(주),식품제조가공업
199602620048,산삼 배양근 넣은 유황먹인 오리 불고기,8809309820423,양념육,주식회사 청산식품,축산물가공업-식육가공업
2003044901713,두원분와사비A,8809077083211,향신료조제품,주식회사 두원식품,식품제조가공업
200303320474,무지개떡(케이크),8809417231234,떡류,(주)찰떡궁합,식품제조가공업
1993044800166,메론우유(Melon Flavored Milk Drink),8801753101219,가공유,연세대학교 연세유업,축산물가공업-유가공업
2003027506643,현미녹차,8808018550010,침출차,대한다업(주),식품제조가공업
2013026221413,쫄깃담백한 맛있는 편육,8809266250219,양념육,주식회사 보승식품,축산물가공업-식육가공업
19930311033144,솔표 위솔액,8806430012802,혼합음료,조선무약(합),식품제조가공업
201105310011,신안어담새우젓,8809298330026,젓갈,어업회사법인 신안새우젓 주식회사,식품제조가공업
200203701644,고추가루,8809017690738,고춧가루,(주)대양식품,식품제조가공업
1999036826221,제이엔커피(코랄마운틴),8809049980029,커피,(주)리빈코리아,식품제조가공업
1998056034913,쌀강정,8809372730155,과자,민영제과,식품제조가공업
201301563721,다우어 더치커피원액,8809423620015,커피,(주)컨트코리아,식품제조가공업
20110275237214,후레쉬 캔과일 파인애플,8809368810069,신선편의식품,(주)더 쉐프,식품제조가공업
19760262001232,소와나무 DHA 똑똑한 우유,8801155205416,가공유,(주)동원F&B 수원공장,축산물가공업-유가공업
1985043301519,"부드러운""유""식빵",8801151018867,빵류,서울식품공업(주),식품제조가공업
1999013732228,스위스모카롤,8809387302446,빵류,(주)옵스,식품제조가공업
200205097601,지구자(헛개)골드,8809126420882,액상차,지구자식품,식품제조가공업
1984021300127,쌍쌍바,8801019080522,저지방아이스크림,해태아이스크림(주)광주공장,축산물가공업-유가공업
19690086003338,빼빼로,8801062636709,초콜릿가공품,롯데웰푸드(주),식품제조가공업
2006024237623,추억의산도,8801111185042,과자,(주)크라운제과,식품제조가공업
1995036206649,마늘가루,8803612000800,향신료조제품,전원식품,식품제조가공업
200105221216,강진군동전통청국장,8809367940118,청국장,강진전통된장영농조합법인,식품제조가공업
201203930105,끌로너와 머루초,8809309630107,음료베이스,너와마을영농조합법인,식품제조가공업
19950129282240,맛있는빵믹스,8805522061155,기타가공품,사조동아원(주) 부산공장,식품제조가공업
2011044501387,허브볶음밥,8809328450519,즉석조리식품,주식회사 인스밸류,식품제조가공업
201303790271,꼬꼬댁장조림,8809311660000,알가열제품,농업회사법인 나린뜰 주식회사,축산물가공업-알가공업
2010032100820,파프리카씨즈닝,8809242322374,향신료조제품,(주)청은에프엔비,식품제조가공업
19850433015619,체리페스츄리,8801151018386,빵류,서울식품공업(주),식품제조가공업
1985036806411,야채타임,8801104720472,과자,(주)빙그레,식품제조가공업
19890445014158,비타플러스,8802774001502,혼합음료,태웅식품(주),식품제조가공업
2001026200616,춘천닭갈비 조리용,8809321270084,양념육,(주)정미푸드,축산물가공업-식육가공업
19990144286111,부산어묵 평,8803122001243,어묵,주식회사 늘푸른바다,식품제조가공업
2011033220532,참좋은 쏘이커틀렛,8809333700647,두류가공품,주식회사 쏘이마루,식품제조가공업
19860560029134,홈런볼 크림치즈,8801019304965,과자,해태제과식품(주),식품제조가공업
19860560029134,홈런볼 크림치즈,8801019304965,과자,해태제과식품(주),식품제조가공업
2013061430222,옥수수전분맛,8809392430035,전분가공품,삼양푸드주식회사,식품제조가공업
200203701646,구운김밥김,8809017691353,조미김,(주)대양식품,식품제조가공업
2001050315010,구운김밥김,8803807675677,조미김,선일물산(주),식품제조가공업
197202880021808,오뚜기 단호박죽,8801045302430,즉석조리식품,주식회사 오뚜기,식품제조가공업
2007037233366,단호박찰바,8809232288819,떡류,(주)로뎀푸드,식품제조가공업
19780368002405,델몬트사과드링크,8801056042226,과.채음료,롯데칠성음료(주),식품제조가공업
2002051213324,팔도강산포도씨유로구운김,8809060477638,조미김,해송식품 주식회사 어업회사법인,식품제조가공업
198301440291,땅콩우유밀,8803239002027,고형차,고려식품산업사,식품제조가공업
198301440291,프리미엄 콩고물,8803239002027,두류가공품,(주)고려푸드뱅크,식품제조가공업
2012054856910,두릅간장절임,8809326900399,절임식품,농업회사법인주식회사해미래,식품제조가공업
2012054856910,두릅간장절임,8809326900399,절임식품,농업회사법인주식회사해미래,식품제조가공업
2008035802147,유기농 밀가루,8809217720082,밀가루,(주)일광에프앤에스,식품제조가공업
2011050946311,벚꽃차,8809376671058,침출차,순천만야생화꽃차연구회,식품제조가공업
2002053870817,옥이 총각김치,8809160204059,김치,주식회사 옥종합식품,식품제조가공업
1997044311950,쥬시아 사과,8801111410823,캔디류,(주)크라운제과진천공장,식품제조가공업
19950362066106,와이즐렉세이브알곡옥수수차,8803612709307,침출차,전원식품,식품제조가공업
199905540466,김정환홍삼액,8809161000056,인삼.홍삼음료,풍기인삼공사영농조합법인제2공장,식품제조가공업
2007018820546,행복찬미오이지양념무침,8809357771494,절임식품,농업회사법인 주식회사 초록들,식품제조가공업
200501445774,조림묵,8809183070600,어묵,해맑은 식품(주),식품제조가공업
19780368002293,오렌지주스100,8801056028404,과.채주스,롯데칠성음료(주),식품제조가공업
199104900491,한국 치자맛단무지,8801335101118,절임식품,한국식품,식품제조가공업
197102750032964,고소랑꿀이랑,8801016359500,빵류,(주)샤니,식품제조가공업
19830308010143,꼬깔콘매콤달콤한맛,8801062383337,과자,롯데웰푸드 주식회사,식품제조가공업
20060464064210,동글이떡꼬치,8809197448884,떡류,농업회사법인 주식회사 맥향,식품제조가공업
19960470037245,아이키커 포도,8809332393789,인삼.홍삼음료,(주)한국인삼공사,식품제조가공업
1999024250617,립톤 복숭아 티 믹스 (Lipton Peach Tea Mix),8801619800546,고형차,(주)스윗티,식품제조가공업
1989035502816,십오곡 미숫가루,8809417030004,곡류가공품,경주식품,식품제조가공업
199105010174,돌김(조미구이김),8801164126214,조미김,삼해상사(주)부안공장,식품제조가공업
19910338087284,양지뜰진간장,8803775500124,혼합간장,(주)세우,식품제조가공업
20010493358117,와이즐렉 고기손만두,8807617070264,만두,(주)엄지식품,식품제조가공업
19960458039285,장쾌삼산삼배양근,8801382140658,인삼.홍삼음료,웅진식품(주),식품제조가공업
201205604811,더치보르딘,8809378590425,커피,주식회사 보르딘에프엔비(F&B),식품제조가공업
1986056002981,생크림홈런볼,8801019306525,과자,해태제과식품(주),식품제조가공업
1986056002981,생크림홈런볼,8801019306525,과자,해태제과식품(주),식품제조가공업
200906160059,의령황새골 토종콩된장,8809351410443,된장,연호전통식품,식품제조가공업
2010020210210,오곡탕수육,8809220280290,식육함유가공품,(주)화인푸드,식품제조가공업
19690364004466,와이즐렉 내몸사랑 김치맛 스프,8801169210307,복합조미식품,한국에스비식품(주),식품제조가공업
200203701647,매운고추가루,8809017693258,고춧가루,(주)대양식품,식품제조가공업
200900699924,카스테라,8809287670164,빵류,(주)후피푸드,식품제조가공업
200904451376,엘로우그린,8809397670153,기타혼합제제,(주)바이칼,식품첨가물제조업
2002056801214,오이지,8809115190994,절임식품,(주)진푸드,식품제조가공업
199405720129,삼육두유 바나나,8801136501261,가공두유,삼육네이처세븐,식품제조가공업
19980391046106,히코코 오르가닉헤즐넛향,8809007065515,커피,(주)히코코,식품제조가공업
2008055515030,소문난 양조식초,8805378010406,발효식초,(주)천연식품,식품제조가공업
20020623009354,붉은진주 산수유,8809125062434,혼합음료,퓨어플러스(주),식품제조가공업
201103471575,밤부스란트 유기농 블루베리 대잎차,8809335560041,침출차,밤부스란트,식품제조가공업
199404592292,삼육김,8804702301302,조미김,(주)삼육수산,식품제조가공업
199404592292,광천 김자반,8804702301302,조미김,열린수산주식회사,식품제조가공업
2011045800329,햇살마니고춧가루,8809356641545,고춧가루,농가애 주식회사 농업회사법인,식품제조가공업
2003049206318,월매네청포묵,8809050810247,묵류,노고단식품,식품제조가공업
20000484353523,국진이붕어빵 커스터드 리얼프레쉬,8809322920223,빵류,(주)화과방,식품제조가공업
1981026200134,뼈에쏙쏙고칼슘우유,8801115137337,강화우유,서울우유협동조합 용인공장,축산물가공업-유가공업
2010035842667,헛개열매진액 GOLD(전량수출용),8809148660037,액상차,(주)그린바이오,식품제조가공업
1993061906573,사조살코기참치 안심따개,8801075011937,기타 수산물가공품,사조산업(주)고성공장,식품제조가공업
1986056002921,폴라포포도,8801019502088,빙과,해태제과식품(주),식품제조가공업
1986056002921,폴라포포도,8801019502088,빙과,해태제과식품(주),식품제조가공업
201005330155,포항친정애부추즙프리미엄,8809393010069,액상차,(주)친정애농업회사법인,식품제조가공업
2000046702230,야채볼,8804966111204,과자,정든식품,식품제조가공업
19870275001275,야채어묵 사각어묵,8801242641066,어묵,씨제이 씨푸드 주식회사,식품제조가공업
1990046102268,엘가디프네,8802454200461,초콜릿,(주)엘가,식품제조가공업
2009039605612,프레즐핫도그,8809112770076,빵류,(주)리더스에프에스,식품제조가공업
2012023000926,뚝배기불고기,8809241721062,식육추출가공품,농업회사법인 다모아식품 주식회사,축산물가공업-식육가공업
2006037243852,Homeplus 단호박마차,8803217002872,고형차,(주)꽃샘식품,식품제조가공업
2007062300770,양파환,8809420290051,기타가공품,대박식품,식품제조가공업
2003054324215,상황현미식초,8809387170168,발효식초,농업회사법인(주)류충현약용버섯,식품제조가공업
20060392118123,못난이명란젓,8809318401903,양념젓갈,(주)정이푸드빌,식품제조가공업
1987018900158,햄벅스테이크,8801007141275,분쇄가공육제품,씨제이제일제당(주),축산물가공업-식육가공업
19990137322253,그리오틴,8809387302361,빵류,(주)옵스,식품제조가공업
1998025705218,비타Ⅱ단무지,8801253122066,절임식품,주식회사 일미농수산,식품제조가공업
19850433015812,든든한아침,8801151020471,빵류,서울식품공업(주),식품제조가공업
201104815181,내몸애홍삼추출액,8809256570129,인삼.홍삼음료,흙뿌리,식품제조가공업
197806140093,LOTTE 초코파이,8801062268078,초콜릿가공품,롯데웰푸드(주),식품제조가공업
200203082934,현미떡국떡,8803372011009,떡류,농업회사법인(주)우리식품,식품제조가공업
1994045922921,삼육녹차김,8804702301326,조미김,(주)삼육수산,식품제조가공업
19750443001131,오설록 감잎차,8806403197413,침출차,(주)오설록농장,식품제조가공업
19750443001131,오설록 감잎차,8806403197413,침출차,농업회사법인(주)오설록농장,식품제조가공업
198506140551765,프리미엄 포도,8809084011238,과.채음료,(주)엠에스씨(MSC),식품제조가공업
201204020263,황금빛하늘내린황태포,8809360178556,건어포,용대황태연합단 대륭영농조합법인,식품제조가공업
199104450772317,홈플러스알뜰상품돈까스소스,8809024600324,소스,주식회사 동방푸드마스타,식품제조가공업
19900262001154,하이포크런천미트,8801052931173,프레스햄,대상델리하임 주식회사,축산물가공업-식육가공업
200203922555,설악골황태채,8809000491519,건어포,속초농협설악골가공공장,식품제조가공업
1997040303235,총각김치,8802547301020,김치,영농조합법인 아라김치,식품제조가공업
2003026203543,뼈없는왕비주물럭,8809347800913,가공치즈,농업회사법인 꿀맛나는세상 주식회사,축산물가공업-식육가공업
20080458027176,양파,8809126925714,과.채가공품,프레시플러스(주)공주제1공장,식품제조가공업
1998032009789,처가모듬전(냉동),8809269660015,기타가공품,(주)처가식품,식품제조가공업
2004035833963,새우젓,8809356850411,젓갈,(주)초화림,식품제조가공업
200306071123,머스타드소스,8809265340072,소스,보감푸드,식품제조가공업
200306071123,머스타드소스,8809265340072,소스,다솔식품,식품제조가공업
199704631122,볶은소금,8801990000115,태움.용융소금,영진그린식품(주),식품제조가공업
2002044510145,무농약우리밀로만든호박팬케이크,8809002800326,과자,리리식품,식품제조가공업
19980262034152,뉴른버그쉬네켄,8802266006329,소시지,(주)오뗄,축산물가공업-식육가공업
1996055806429,문경새재오미자감식초진액,8805331310055,음료베이스,이젠하우스 1공장,식품제조가공업
201306170711,들살이비빔밥(고추장비빔밥),8809395210009,즉석조리식품,지성푸드,식품제조가공업
2003026203520,꿀맛돈목심왕구이,8809347800371,빵류,농업회사법인 꿀맛나는세상 주식회사,축산물가공업-식육가공업
2000037230821,알로에차,8801555123051,음료베이스,(주)대동식품,식품제조가공업
198005380182,남양 써핑쿨 복숭아,8801069135137,유산균음료,남양유업주식회사 경주공장,식품제조가공업
1974034400155,코카콜라라이트 원제 제2부,8801094032609,탄산음료,한국 코카콜라 유한회사,식품제조가공업
200701543821,밭도너츠,8809265840015,빵류,가나베이커리,식품제조가공업
201101811247,어성초 분말,8809287660127,고형차,농업법인 주식회사 미산약초농장,식품제조가공업
19720288002101,3분 스파게티소스 마늘&양파,8801045801100,소스,주식회사 오뚜기,식품제조가공업
2006037243822,꿀오미자차,8803217003374,액상차,(주)꽃샘식품,식품제조가공업
197202880021972,3분 스파게티소스 볼로네제,8801045292021,소스,주식회사 오뚜기,식품제조가공업
1985044502420,하이포크 비엔나,8801213000465,소시지,(주)팜스코,축산물가공업-식육가공업
2007046302854,흑마늘어리굴젓,8809243219017,양념젓갈,김정규 자연건강 영농조합법인,식품제조가공업
2006037243899,홍삼꿀,8803217000854,기타가공품,(주)꽃샘식품,식품제조가공업
1991035514850,쌀국수,8803560050056,건면,(주)송학식품(제1공장),식품제조가공업
2011044405013,홈플러스 알뜰상품 고추장,8801389350128,고추장,(주)진미식품,식품제조가공업
2007044510768,검은깨 올방개묵,8809261140010,묵류,(주)맑은해오름,식품제조가공업
2009025530323,수라본죽 야채죽,8809288741115,즉석조리식품,동아식품,식품제조가공업
199503380156460,삼립호빵 야채,8801068083552,빵류,주식회사 에스피씨삼립,식품제조가공업
1997060797115,전통오리바베큐,8809355170015,햄,두원식품(주),축산물가공업-식육가공업
19690086003503,청포도캔디,8801062238057,캔디류,롯데웰푸드(주),식품제조가공업
2001044800711,매운닭살꼬치,8809008888953,양념육,(주)그린,축산물가공업-식육가공업
1996030801066,비타500골드,8806002003160,혼합음료,광동제약주식회사,식품제조가공업
19760144008101,오복 양조간장,8801126035028,양조간장,(주)오복식품,식품제조가공업
1983035802121,팔도비빔면,8801128505017,유탕면,(주) 팔도,식품제조가공업
19980355336102,봉밀홍삼진과,8809013352784,인삼.홍삼제품,고려인삼과학(주),식품제조가공업
198904010067,총각김치,8803760000325,김치,신동식품(주),식품제조가공업
2002044801632,불고기버거패티,8801047381266,분쇄가공육제품,(주)동원F&B,축산물가공업-식육가공업
19870499010102,천년가득 순창된장,8802409990027,고추장,토박이순창식품(주),식품제조가공업
1993047200538,쌀떡볶이,880175900424,떡류,칠갑농산 주식회사,식품제조가공업
19960494020334,우리밀짬뽕라면,8804294021244,유탕면,(주)새롬식품(완주공장),식품제조가공업
1973028800634,오란씨 오렌지,8801097276437,탄산음료,동아오츠카(주),식품제조가공업
201003807291,단팥빵,8809329933004,빵류,(주)길버트,식품제조가공업
1972015400161,자갈치문어맛,8801043103480,과자,(주)농심,식품제조가공업
19870190051484,상하이샤오롱,8801007203263,만두,씨제이제일제당(주),식품제조가공업
200103701344,롤전병,8802513100046,과자,유진제과,식품제조가공업
20060445194199,우리집쌀국수매운맛,8809083702007,숙면,(주)이가자연면,식품제조가공업
20030395019272,아마존 파머 아사이베리,8809208687875,과.채가공품,(주)유유헬스케어,식품제조가공업
201205381501,새천년 고춧가루,8809160205018,고춧가루,주식회사 제이앤피,식품제조가공업
1994038622160,통구이오징어,8809048315242,조미건어포,(주)현복식품,식품제조가공업
19750621001134,장미차,8805167009901,침출차,농업회사법인 쌍계명차 주식회사,식품제조가공업
2011044405033,우리쌀로 빚은 고추장,8801389299816,고추장,(주)진미식품,식품제조가공업
199603781582,명란젓,8809387002407,젓갈,참맛촌,식품제조가공업
1998046701028,매실홍차,8801767800269,고형차,녹차원주식회사,식품제조가공업
2004037208921,다꼬야끼소스,8809239770218,소스,이엔푸드,식품제조가공업
2008036039519,홍삼캔디,8809194583106,캔디류,쌀로만제과,식품제조가공업
2013036016610,간장깻잎(간장절임깻잎),8809385395228,절임식품,(주)더안코리아,식품제조가공업
200004410437,30초의 향기 우롱차,8801121602188,커피,매일유업(주)영동공장,식품제조가공업
1993046102223,연세두유 고칼슘,8801753001113,가공두유,연세대학교 연세유업,식품제조가공업
19690086003173,망고껌(수출용),8801062213178,추잉껌,롯데웰푸드(주),식품제조가공업
1996038911015,해물탕,8809009575717,기타 수산물가공품,제일수산,식품제조가공업
200804351691,이마트콘앤스위트,8809261530323,시리얼류,(주)씨알푸드,식품제조가공업
2011061204747,두레블루베리액,8809345888838,액상차,영농조합법인 푸른초장,식품제조가공업
2012018844060,닭고기윙,8809377550314,포장육,(주)우보식품,식육포장처리업
1995036206619,날콩가루,8803612000251,두류가공품,전원식품,식품제조가공업
201303063221,뽕잎환,8809415340020,기타가공품,동인농장,식품제조가공업
201101141672,오징어불고기,8809322510233,기타 수산물가공품,(주)산무리,식품제조가공업
201203552954,영양 MIX믹스 선식,8809366750060,즉석섭취식품,(주)맘메이크,식품제조가공업
200003702017,고기손만두,8808198100036,만두,농업회사법인(유)굿푸드,식품제조가공업
1980029400348,부산어묵,8804949000006,어묵,(주)사계절식품,식품제조가공업
2010062770721,감귤쿠키초코볼,8809240900048,초콜릿가공품,(주)푸른제주,식품제조가공업
199604592733,대천재래김,8805724260028,조미김,동이김,식품제조가공업
19890445014180,주도독,8802774002028,고형차,태웅식품(주),식품제조가공업
1993047202730,맛김치,8801316121890,김치,농업회사법인 주식회사 한울,식품제조가공업
1996018809256,모닝케어 레이디,8806011415725,혼합음료,동아제약(주)달성공장,식품제조가공업
19780614009338,드림카카오에어,8801062628353,초콜릿,롯데웰푸드(주),식품제조가공업
19810308046109,썬업리치그레이프,8801121510049,과.채주스,매일유업(주)평택공장,식품제조가공업
2012030800169,명품갈비탕,8809373650049,즉석조리식품,(주)타스테코,식품제조가공업
200403604951,유황먹여키운오리로스,8809309820447,포장육,주식회사 청산식품,식육포장처리업
200703422403,소프트육포(치즈맛),8802456529119,식육함유가공품,(주)홍선,식품제조가공업
201105270467,우리쌀냉식혜,8809297310029,혼합음료,(주)새암푸드먼트,식품제조가공업
200506210032,감잎차,8809413380202,침출차,연우제다,식품제조가공업
2009036229816,밥사랑 해물,8809267483203,즉석섭취식품,(주)시우드,식품제조가공업
1990036206651,명의한차(자판기용),8801871000029,고형차,동일에프앤티(주),식품제조가공업
201005604501,아람드리포도,8809087727211,과.채음료,농업회사법인아람농장(주),식품제조가공업
2007016845268,호호아바이순대,8809407960298,즉석조리식품,(주)성빈식품,식품제조가공업
19910355148131,송학국수,8803560050186,건면,(주)송학식품(제1공장),식품제조가공업
2010015622884,하이밸런스36곡,8809374431586,곡류가공품,주식회사 바비조아,식품제조가공업
1972012500151,육포,8801066030213,건조저장육류,(주)사조대림,축산물가공업-식육가공업
200402750472,에티켓(레몬향),8807176030037,캔디류,(주)고궁,식품제조가공업
19870190051343,백설잡채군만두,8801007067094,만두,씨제이제일제당(주),식품제조가공업
197102750032179,나눠먹는 둥실둥실케익,8801016355465,빵류,(주)샤니,식품제조가공업
2007018820555,행복찬미 물미역무침,8809357771562,절임식품,농업회사법인 주식회사 초록들,식품제조가공업
20090262045108,화끈닭근위구이,8809331506869,양념육,주식회사 아워홈,축산물가공업-식육가공업
19710275003532,팡찌니고기만두,8801016316381,빵류,(주)샤니,식품제조가공업
200205388354,버터오징어,8809081250005,조미건어포,홍익식품,식품제조가공업
20060370077159,초코칩머핀,8809199060954,빵류,(주)아밀,식품제조가공업
1993046102238,연세맛있는두유 秀(수),8801753001472,가공두유,연세대학교 연세유업,식품제조가공업
2010049904742,순창궁햅쌀고추장,8801075010039,고추장,사조산업(주) 순창공장,식품제조가공업
2003044504217,석류,8809135302032,농축과.채즙(또는 과.채분),(주)웰팜,식품제조가공업
19870157001108,가나 쵸코 아몬드,8806371305155,가공유,(주)푸르밀,축산물가공업-유가공업
1993051503617,자연산 블루베리 잉어즙,8809343921308,추출가공식품,주식회사 보생,식품제조가공업
2008061425997,땅콩차,8801746110075,고형차,(주)희창유업 제2공장,식품제조가공업
19690086003498,롯데56%드림카카오,8801062271832,초콜릿,롯데웰푸드(주),식품제조가공업
2002040210223,곤드레로(비비고 홍),8809106040109,절임식품,농업회사법인 산채만 주식회사,식품제조가공업
200302620357,맛나는카레돈까스,8809347800470,분쇄가공육제품,농업회사법인 꿀맛나는세상 주식회사,축산물가공업-식육가공업
1992039605278,영월벌꿀고추장,8801661300315,혼합장,영월농협가공사업소,식품제조가공업
20030294318224,먹는 해양심층수로 담근 맛김치,8803601850256,김치,(주)한성식품,식품제조가공업
1991045804731,고기전용쌈장,8801007053196,혼합장,씨제이제일제당(주),식품제조가공업
201205604811,더치보르딘,8809378590609,커피,주식회사 보르딘에프엔비(F&B),식품제조가공업
2006034704191,티젠 민들레차,8809071540215,침출차,주식회사 티젠,식품제조가공업
201301880802,우엉차,8809403390044,침출차,농업회사법인 맑을청웰빙 주식회사,식품제조가공업
201301880802,참 우엉차,8809403390044,침출차,농업회사법인 맑을청웰빙 주식회사,식품제조가공업
2011038642418,치즈오징어,8809345920095,조미건어포,(주)바다동네사람들,식품제조가공업
20050372004138,올리브유 재래 구이김,8809069966027,조미김,(주)에이뷰,식품제조가공업
200403683652,참기름,8809120050023,참기름,참식품,식품제조가공업
1980052000738,로즈도넛,8802184000171,빵류,주식회사 로즈베이커리,식품제조가공업
20070358224243,디톡쥬스,8809148009614,기타가공품,코스맥스엔비티(주),식품제조가공업
19950129282387,고급생면용,887320000008,밀가루,사조동아원(주) 부산공장,식품제조가공업
2004049221868,통닭,8809140107059,포장육,(주)코리아더커드,식육포장처리업
1986035805922,샘표 국시장국 가쓰오국물,8801005941129,소스,샘표식품(주) 이천공장,식품제조가공업
201205250297,비파생기나골드,8809366660048,액상차,(주)비파생기나,식품제조가공업
198502620046,생큐풍부한커피우유,8801104221528,가공유,(주)빙그레 광주공장,축산물가공업-유가공업
1985049901140,청정원햇살담은양조간장,8801052446493,양조간장,대상(주),식품제조가공업
2002046408834,백설 소불고기 양념,8801007247120,소스,씨제이제일제당(주),식품제조가공업
200102620066,호야참숯날개바베큐,8809321270039,양념육,(주)정미푸드,축산물가공업-식육가공업
200805180893,햇고을고춧가루,8809388650058,고춧가루,하나영농조합법인,식품제조가공업
2010044200237,웰빙고추양념장,8809281240639,소스,(주)한국뉴트리,식품제조가공업
2004035518111,김정화청국장 된장,8809254480109,된장,김정화청국장,식품제조가공업
200304582434,신대정김밥단무지,8809295360057,절임식품,신대정식품,식품제조가공업
199903950856,밀원우리밀찐빵,8809161200937,빵류,농업회사법인 밀원본가안흥찐빵 주식회사,식품제조가공업
1999037223138,복분자,8809028405161,액상차,(주)파낙스코리아,식품제조가공업
201102620478,레몬로인커틀렛,8809359580155,분쇄가공육제품,(주)육화원 에프앤디,축산물가공업-식육가공업
201104641742,연산대추쌀빵,8809337920034,과자,(주)가이아,식품제조가공업
2001047323473,블루베리플러스,8809155610803,과.채음료,우솔팜 영농조합법인,식품제조가공업
19760342001134,감자깡,8801043101646,과자,(주)농심,식품제조가공업
201204020552,산골황태메주된장,8809386470061,한식된장,제이나인바이오 영농조합법인 2공장,식품제조가공업
19780614009286,드림카카오 56%,8801062270118,초콜릿,롯데웰푸드(주),식품제조가공업
2008062410841,미역튀각,8809277339965,기타가공품,주식회사 하늘바이오 농업회사법인,식품제조가공업
201302621657,미니족,8809354270037,양념육,(주)참누리푸드시스템,축산물가공업-식육가공업
1999014428668,고추잔치,8803122000499,어묵,주식회사 늘푸른바다,식품제조가공업
199704431195,새콤달콤 포도,8801111432429,캔디류,(주)크라운제과진천공장,식품제조가공업
2008039500789,간장꽃게장,8809099554065,절임식품,주식회사 청아굿푸드,식품제조가공업
1986037002250,초이스엘 호두양갱,8809274156039,캔디류,삼성식품,식품제조가공업
20070358224257,웰빙 오메가3(전량수출용),8809148009690,기타가공품,코스맥스엔비티(주),식품제조가공업
1999036439357,한국 후레쉬 키위,8801402880168,과.채음료,(주)한국에프앤티,식품제조가공업
1996024206752,하비스트,8801062142316,과자,롯데웰푸드(주),식품제조가공업
198705330032,진미오징어,8801308321314,조미건어포,정화식품(주),식품제조가공업
200404630181,천수만 전통생강한과,8809398650024,과자,천수만전통생강한과,식품제조가공업
20130528041114,비빔참치김치,8809047013064,즉석섭취식품,(주)현대푸드시스템,식품제조가공업
201204815002,천연담아다시마가루,8809421020060,기타 수산물가공품,(유)천연담아,식품제조가공업
201204815002,천연담아다시마가루,8809421020060,기타 수산물가공품,(유)천연담아,식품제조가공업
19750202004159,카누 마일드 로스트 스위트 아메리카노,8801037050998,커피,동서식품(주),식품제조가공업
201304590945,한산모시김,8809395190172,조미김,(주)화란수,식품제조가공업
19890461032891,바나나라떼파우다,8809355710068,기타가공품,(주)한미에프쓰리,식품제조가공업
200401890023,등심바베큐,8809021759001,햄,(주)이푸드,축산물가공업-식육가공업
200706274255,참조기,8809416010137,기타 수산물가공품,제주일품수산,식품제조가공업
200503684891,참치김치(매운맛)삼각김밥,8809186334341,즉석섭취식품,(주)두영푸드시스템,식품제조가공업
19980476002475,하림자연실록닭가슴살,8801492359766,프레스햄,(주)하림,축산물가공업-식육가공업
1995061107323,맑은매실,8803636550145,과.채음료,동밀양농협가공사업소,식품제조가공업
2012049403519,웅진더블유피에이치(WPH)골드,8809364340607,기타가공품,(주)한풍네이처팜 제2공장,식품제조가공업
19840355007172,동의참식,8803493472291,즉석섭취식품,가나다식품산업사,식품제조가공업
19950464070154,발효보리건빵,8803718101531,과자,주식회사 신흥제과,식품제조가공업
201205411761,삼산이수 천마골드진액,8809375858801,액상차,(주)삼산이수,식품제조가공업
19980449002414,썬키스트 훼미리 과일발효초 석류,8801105912197,과.채음료,해태에이치티비주식회사,식품제조가공업
2000051603045,올리브고추,8809182090814,조미김,주식회사자연가농업회사법인,식품제조가공업
2010015622860,클로렐라수수,8809374430800,곡류가공품,주식회사 바비조아,식품제조가공업
2004060452320,굴분말,8809368780164,기타 수산물가공품,빅마마씨푸드(Bigmama sea-food),식품제조가공업
2006014431311,갈치 절단,8809411419812,기타 수산물가공품,태흥수산,식품제조가공업
2003048412011,청정원맥아물엿,8801052451039,물엿,대상주식회사,식품제조가공업
201306210361,감잎차,8805167008393,침출차,농업회사법인 쌍계명차 주식회사 제2공장,식품제조가공업
2004014412272,오징어(채),8809358260034,기타 수산물가공품,해주씨푸드 주식회사,식품제조가공업
201101570182,돼지양념갈비,8809411051111,양념육,주식회사 우보식품,축산물가공업-식육가공업
197102750031782,달콤한꿀페스트리,8801016347705,빵류,(주)샤니,식품제조가공업
1983061400332,천하장사,8801077243404,어육소시지,(주)진주햄,식품제조가공업
1994044003088,홍삼음료,8803368101158,인삼.홍삼음료,(주)퓨럽,식품제조가공업
19910344021108,미닛메이드 프리미엄 매실 플러스 원제 제1부,8801094442606,혼합제제,한국코카콜라유한회사,식품첨가물제조업
2005062300518,바나바차,8804681351404,침출차,허브앤티,식품제조가공업
1994036220611,냉면,8801364200967,숙면,삼오식품(주),식품제조가공업
200404480023,조아유플레인요구르트,8809408051070,농후발효유,(주)유담,축산물가공업-유가공업
1998047600265,스모크불고기,8801492630858,혼합소시지,(주)하림,축산물가공업-식육가공업
2010055815865,루왁골드카페S-200,8809238511195,커피,(주)루왁코리아,식품제조가공업
199603781582,명란젓,8809387002414,젓갈,참맛촌,식품제조가공업
19740433002106,홍삼캔디,8809319810773,캔디류,이화제과,식품제조가공업
201206080088,대추골드,8809385785029,혼합음료,(주)한보메디팜,식품제조가공업
2006024237628,뽀또밀크바닐라,8801111114363,과자,(주)크라운제과,식품제조가공업
2013050117357,볶음탕용,8809385943658,포장육,(주)참프레,식육포장처리업
1996037815868,웰빙낙지,8809387001998,양념젓갈,참맛촌,식품제조가공업
2002037215379,유기농 옥수수차,8809083871277,침출차,(주)제이앤푸드,식품제조가공업
200203950935,옛날전통 그대로 안흥 할매 단호박쌀찐빵,8809005460138,빵류,안흥식품,식품제조가공업
200204610735606,스파게티 비프소스,8809118814934,소스,(주)동원홈푸드,식품제조가공업
1994044900578,자일리톨카즈민트마일드,8801019408892,추잉껌,해태제과식품(주)천안2공장,식품제조가공업
19920624042291,홈플러스 쿨 파인향,8807096073213,탄산음료,(주)상일,식품제조가공업
201306143023,들깨가루,8809392430622,기타가공품,삼양푸드주식회사,식품제조가공업
199704950861,매일유과,8801224220180,캔디류,매일제과산업(주),식품제조가공업
1997031009864,종합캔디,8801649110509,캔디류,한양제과주식회사,식품제조가공업
1997031009864,종합캔디,8801649110509,캔디류,한양제과주식회사,식품제조가공업
19980355336156,고려홍삼파워,8809013354726,인삼.홍삼음료,고려인삼과학(주),식품제조가공업
201204480017,참지음 치즈맛 후랑크,8809354580099,소시지,농업회사법인 행복주식회사,축산물가공업-식육가공업
201203970651,메밀부침가루(1),8809367010033,곡류가공품,봉평고원메밀,식품제조가공업
200506078653,고추장치킨주먹밥,8809183080470,즉석섭취식품,(주)유앤미푸드텍,식품제조가공업
199803080801,콩두,8806124200041,가공두유,한미사이언스(주),식품제조가공업
20030294318236,먹는 해양심층수로 담근 총각김치,8803601820426,김치,(주)한성식품,식품제조가공업
2009047309211,찹쌀약과,8809046021046,과자,신라원,식품제조가공업
198803600438,하선정멸치액젓(알뜰형),8801391103330,조미액젓,씨제이제일제당(주),식품제조가공업
200606012922,자연에서 맛으로,8809330830019,가공소금,누리식품,식품제조가공업
199503380153200,삼립크림빵,8801068013795,빵류,주식회사 에스피씨삼립,식품제조가공업
20000498094314,명동왕만두,8809056194921,만두,나래식품주식회사,식품제조가공업
1991050101734,삼각주먹밥용포장김,8801164127600,조미김,삼해상사(주)부안공장,식품제조가공업
19920372050318,앙상블,8801204601473,과자,(주)청우식품,식품제조가공업
1995026200632,닭가슴살바베큐,8809013401246,프레스햄,에쓰푸드(주),축산물가공업-식육가공업
2003049206316,월매네도토리묵,8809050810117,묵류,노고단식품,식품제조가공업
19980257052177,일가집콩자반,8801253124831,조림류,주식회사 일미농수산,식품제조가공업
2010015622862,기장강황칼슘,8809374430220,곡류가공품,주식회사 바비조아,식품제조가공업
200804760113,동그랑땡,8809325750506,분쇄가공육제품,(주)천본,축산물가공업-식육가공업
199503380155538,미니호두단팥빵,8801068077223,빵류,주식회사 에스피씨삼립,식품제조가공업
2010033301057,차가버섯차,8809325240571,침출차,(주)명신,식품제조가공업
1984021300125,슈퍼땅콩바,8801019500763,아이스밀크,해태아이스크림(주)광주공장,축산물가공업-유가공업
1999036826219,콜롬비아 에메랄드,8809049980043,커피,(주)리빈코리아,식품제조가공업
200301880295,호박향파이,8809097700068,빵류,태영식품,식품제조가공업
20050368569142,호주산 냉장꽃등심스테이크,8809161049147,포장육,(주)견우마을,식육포장처리업
200206230095,비타마인,8809125061987,혼합음료,퓨어플러스(주),식품제조가공업
19690086003290,블루시트러스,8801062218936,추잉껌,롯데웰푸드(주),식품제조가공업
200504613271,순창 골드 식초,8805419072295,발효식초,(주)하이코리아,식품제조가공업
19850433015988,추억속의서울찐빵야채,8801151035093,빵류,서울식품공업(주),식품제조가공업
2009063138313,참조기,8809380390211,기타 수산물가공품,서귀포수산업협동조합,식품제조가공업
19850433015541,치즈맛스틱,8801151018287,빵류,서울식품공업(주),식품제조가공업
19960355183119,쿵덕방아 고추가루,8805073515350,고춧가루,(주)옥천식품,식품제조가공업
1998025705236,통오이,8801253123414,절임식품,주식회사 일미농수산,식품제조가공업
199804731765,광천토굴새우젓,8807625000253,젓갈,어업회사법인 광천토굴 주식회사,식품제조가공업
1995020805625,해표 포도씨유,8801039204375,기타식물성유지,(주)사조대림,식품제조가공업
19550509001183,NH하나로매운태양초고추장,8801791797887,고추장,매일식품주식회사,식품제조가공업
201206081451,열매 고춧가루(수입산),8809381400148,고춧가루,열매농수산,식품제조가공업
201302856562,떡볶이 소스,8809421140072,향신료조제품,와이앤제이푸드,식품제조가공업
201104760176,닭발엑기스,8809342800024,식육추출가공품,연천농장식품,축산물가공업-식육가공업
19690086003516,자일리톨 그린베리,8801062218875,추잉껌,롯데웰푸드(주),식품제조가공업
2002046408816,태양초매운고추장,8801007052830,고추장,씨제이제일제당(주),식품제조가공업
2000047506950,김칫속,8809334528554,김칫속,농업회사법인주식회사담채원,식품제조가공업
199304720058,칠갑 평양식 냉면,8801759000233,건면,칠갑농산 주식회사,식품제조가공업
1991014403848,다시다쇠고기,8801007243061,복합조미식품,씨제이제일제당주식회사,식품제조가공업
1971048700243,맛있는라면,8801073120761,유탕면,삼양식품(주)익산공장,식품제조가공업
19870358015169,본고장가쓰오우동새우맛,8801085068075,숙면,한일식품(주),식품제조가공업
2006043304425,햇살가득사과즙,8809313270108,과.채주스,가온,식품제조가공업
20070288141293,미니머핀,8809377140003,빵류,유한회사 마더구스,식품제조가공업
19920372050318,앙상블,8801204101447,과자,(주)청우식품,식품제조가공업
201203684016,참깨 가루,8809376280106,기타가공품,늘품&제이,식품제조가공업
2010035827922,생강가루,8809360610018,향신료조제품,(주)새롬푸드 농업회사법인,식품제조가공업
200604920083,자작나무수액,8809193199315,기타가공품,지리산나무수액영농조합,식품제조가공업
1998044902314,케이지엠코코아차,8801517100014,고형차,주식회사고려인삼제품공사,식품제조가공업
199303110334,솔표 우리대추,8806020310257,혼합음료,조선무약(합),식품제조가공업
1983061400320,카레맛천하장사,8801077240700,어육소시지,(주)진주햄,식품제조가공업
2009026203612,돈우랑 별난 스테이크,8809360450201,분쇄가공육제품,흰여울푸드(주),축산물가공업-식육가공업
197604870055,다이제,8801117293208,과자,(주)오리온 제2익산공장,식품제조가공업
2009039605671,딸기아이스케익,8809112773015,빵류,(주)리더스에프에스,식품제조가공업
2005055612953,팥죽(용기),8809294590486,즉석조리식품,주식회사 토리식품,식품제조가공업
2004032003212,냉콩국가루,8805017220074,두류가공품,(주)뚜레반,식품제조가공업
200906313481,제주산소수,8809423870014,혼합음료,주식회사 제주산소수,식품제조가공업
1980052000773,밤맛볼,8802184002052,빵류,주식회사 로즈베이커리,식품제조가공업
2005035810419,청파래김,8802128783689,조미김,(주)해우촌,식품제조가공업
197202880021248,오뚜기 호박죽,8801045300313,과.채가공품,주식회사 오뚜기,식품제조가공업
199403770843,초코찰떡파이,8803567102215,초콜릿가공품,삼진식품,식품제조가공업
19980449002321,깜찍이딸기,8801105903102,혼합음료,해태에이치티비주식회사,식품제조가공업
2002046408865,다담 청국장양념,8801007128351,혼합장,씨제이제일제당(주),식품제조가공업
2005061708815,해표카놀라유,8801039205709,채종유(유채유 또는 카놀라유),(주)사조대림 칠서공장,식품제조가공업
201103083742,당조차골드,8809344210036,액상차,(주)하늘땅자연마을,식품제조가공업
199503380153653,모카버터케익,8801068024494,빵류,주식회사 에스피씨삼립,식품제조가공업
1989047400813,야채두부,8801491500053,두부,(주)두솔,식품제조가공업
19970445144716,(수출)20X-MAS바닐라베리라이팅리스,8809188220482,빵류,씨제이푸드빌주식회사,식품제조가공업
19920372190114,순후추,8801558101322,천연향신료,주식회사 움트리,식품제조가공업
19780368002130,잔치집 홍대추,8801056714017,농축과.채즙(또는 과.채분),롯데칠성음료(주),식품제조가공업
199603555001,감악산 머루즙,8805520100016,과.채주스,산머루농원영농조합법인,식품제조가공업
20050368569145,냉동 우육엘에이(LA)갈비,8809161047402,포장육,(주)견우마을,식육포장처리업
2012049015010,현미모시개떡,8809404420139,떡류,농업회사법인 콩사랑(유),식품제조가공업
201103304253,토종야채고기순대,8809375750037,즉석조리식품,농부식품,식품제조가공업
1986037002141,빙수팥,8804549211116,조림류,주식회사 동아푸드,식품제조가공업
1986058904337,맥심웰빙1/2칼로리모카골드마일드커피믹스,8801037034134,커피,동서식품(주),식품제조가공업
20050372004184,친환경 파래구이김,8809069966447,조미김,(주)에이뷰,식품제조가공업
19830487051143,99 Bar(99바),8801117428105,초콜릿가공품,(주)오리온 제3익산공장,식품제조가공업
19980467010300,티플 소다 아이스 석류맛,8801767334436,음료베이스,녹차원주식회사,식품제조가공업
199503380151828,누네띠네군납,8801068004229,과자,주식회사 에스피씨삼립,식품제조가공업
19830308010115,꼬깔콘군옥수수맛,8801062288892,과자,롯데웰푸드 주식회사,식품제조가공업
200204480154,청정원 런천미트,8801052754734,프레스햄,대상(주)천안공장,축산물가공업-식육가공업
201203092586,알마늘,8809365130191,절임식품,(주)화광코리아,식품제조가공업
199203580991,땅콩강정,8801117744908,과자,(주)오리온 이천공장,식품제조가공업
1973028800630,오라떼 피치,8801097128033,혼합음료,동아오츠카(주),식품제조가공업
19920372050341,디엘,8801204603293,밀크초콜릿,(주)청우식품,식품제조가공업
19960275012148,종합마카로니,8805194005464,과자,(주)맛고을식품,식품제조가공업
19960275012148,종합마카로니,8805194005464,과자,(주)맛고을식품,식품제조가공업
201204711121,궁중전의 황토소금,8809372530113,태움.용융소금,주식회사 푸드향,식품제조가공업
2009018900928,한우사골고기곰탕,8809368380043,식육추출가공품,농업회사법인 주식회사 비젼푸드,축산물가공업-식육가공업
19940144026169,민속 혼합강정,8801268005781,과자,동아제과,식품제조가공업
20130445014132,오징어먹물봉어묵,8809317190822,어묵,씨제이씨푸드 주식회사,식품제조가공업
2003026204125,김치소시지,8809013403127,소시지,에쓰푸드홀딩스 주식회사,축산물가공업-식육가공업
20000449035191,이마트프렌치바닐라향카푸치노커피믹스,8808024016432,커피,(주)쟈뎅,식품제조가공업
1986056002541,옛맛뚝배기재래식된장,8802043000120,한식된장,뚝배기식품,식품제조가공업
19990137322269,후르츠케익,8809387302347,빵류,(주)옵스,식품제조가공업
1983036001612,아몬드푸레이크,8801083014258,시리얼류,농심켈로그주식회사,식품제조가공업
2000032015524,영지차,8809033180503,고형차,(주)고려인삼뿌리방,식품제조가공업
2000032015524,영지차,8809033180503,고형차,(주)고려인삼뿌리방,식품제조가공업
201302620611,허브훈제오리,8809396470006,햄,농업회사법인 자연누리 주식회사,축산물가공업-식육가공업
201004940185,담수연 흑양파,8809382930125,액상차,(주) 담수연,식품제조가공업
1996051316713,미역당과,8809343690259,기타 수산물가공품,희양식품,식품제조가공업
201304941604,개똥쑥미숫가루,8809406550759,곡류가공품,자연을담은영농조합법인,식품제조가공업
199704950861,매일유과,8801224120176,캔디류,매일제과산업(주),식품제조가공업
200006074191,김해 참 순대,8809353230322,즉석조리식품,태양식품,식품제조가공업
19940449005107,화이트엔젤쥬얼리,8801019205941,밀크초콜릿,해태제과식품(주)천안2공장,식품제조가공업
2011018112482,삼백초 발효효소액 (삼백초야 고맙데이~),8809287660653,액상차,농업법인 주식회사 미산약초농장,식품제조가공업
2009062761029,고등어간장조림,8809306380296,즉석조리식품,영어조합법인숨비소리,식품제조가공업
200802422508,쉬폰케익,8801019310485,초콜릿가공품,해태제과식품(주),식품제조가공업
197102750031348,팡팡플러스,8801016339748,빵류,(주)샤니,식품제조가공업
199903950851,본가안흥찐빵,8809161200036,빵류,농업회사법인 밀원본가안흥찐빵 주식회사,식품제조가공업
200304420058,두부완자,8803150200403,가공두부,농업회사법인 한그루(주),식품제조가공업
2002023391413,냉면육수,8809241722021,소스,농업회사법인다모아식품(주),식품제조가공업
2002023391413,냉면육수,8809241722021,소스,농업회사법인다모아식품(주),식품제조가공업
2006044519445,까르보나라소스,8809083700157,소스,(주)이가자연면,식품제조가공업
20000370201100,수제고기슈마이,8808198111438,만두,농업회사법인(유)굿푸드,식품제조가공업
198404640141,더위사냥 커피,8801104110815,빙과,(주)빙그레,식품제조가공업
2013036016617,마늘쫑지,8809385391251,절임식품,(주)더안코리아,식품제조가공업
19940449005152,에이스30,8801019400315,추잉껌,해태제과식품(주)천안2공장,식품제조가공업
201204020263,황금빛하늘내린황태포,8809360178525,건어포,용대황태연합단 대륭영농조합법인,식품제조가공업
2008039500770,간장고들빼기,8809099554096,절임식품,주식회사 청아굿푸드,식품제조가공업
198504330151094,하모니카,8801151003139,빵류,서울식품공업(주),식품제조가공업
2008038023918,건양플러스,8801157114709,고형차,일동후디스(주),식품제조가공업
201306275122,도르멍친환경무농약당근쨈,8809399980120,잼,구좌친환경당근영농조합법인,식품제조가공업
1996015700243,전철우 LA소갈비,8809089630045,양념육,(주)하늘단 성서지점,축산물가공업-식육가공업
201204020263,황금빛하늘내린황태포,8809360172172,건어포,용대황태연합단 대륭영농조합법인,식품제조가공업
19880449001134,이마트오심재래식된장(대),8801161320424,된장,신송식품주식회사,식품제조가공업
1975044300116,설록 작설 옥록,8806403020957,침출차,농업회사법인(주)오설록농장,식품제조가공업
1975044300116,설록 작설 옥록,8806403020957,침출차,(주)오설록농장,식품제조가공업
1995039702711,메밀부침가루Ⅱ,8803595000033,곡류가공품,봉평농업협동조합,식품제조가공업
19900372085144,우리쌀 떡국떡,8801408156045,떡류,(주)동성식품 포천지점,식품제조가공업
2006036805515,카푸치노시나몬향,8809002323290,커피,(주)구띠에커피,식품제조가공업
19830262001368,로하이런천미트,8801039919149,프레스햄,(주)사조오양 평택공장,축산물가공업-식육가공업
19960242067235,듀페치즈크랜베리스콘,8801062635511,과자,롯데웰푸드(주),식품제조가공업
2003046300133,고추장소스,8809338178823,소스,한과나라,식품제조가공업
2009026212514,진한선지해장국,8809033050059,식육추출가공품,(주)진한식품,축산물가공업-식육가공업
19710275003362,스위스롤,8801016346098,빵류,(주)샤니,식품제조가공업
201105991229,부산어묵,8809025430104,어묵,(주)부산해정식품,식품제조가공업
201105991229,부산어묵,8809025430104,어묵,(주)부산해정식품,식품제조가공업
2004046715410,고려홍삼봉밀청,8809048999053,액상차,인삼코리아,식품제조가공업
1995061107327,알로에가족,8803636112121,혼합음료,동밀양농협가공사업소,식품제조가공업
1984021300114,훼미리 바닐라맛,8801019863912,아이스크림,해태아이스크림(주)광주공장,축산물가공업-유가공업
2004035833993,초화림 간장깻잎지,8809356850671,절임식품,(주)초화림,식품제조가공업
201003470156,전철우 설렁탕,8809382570055,즉석조리식품,(주)태종에프디,식품제조가공업
19750202004186,Maxim 카페 카푸치노 헤이즐넛향,8801037031140,커피,동서식품(주),식품제조가공업
1997049906372,순창문옥례우리콩된장,8805310140314,한식된장,농업회사법인 순창문옥례식품 주식회사,식품제조가공업
201201633944,햇빛식품(수입산)염장새우(젓새우),8809376100206,젓갈,햇빛식품,식품제조가공업
201004590092,햇살구운김전장김,8809289061045,조미김,대천맛나식품,식품제조가공업
198803110025,순백사각,8801066100251,어묵,(주)사조대림,식품제조가공업
1995044311489,솔잎가루,8809034751313,기타가공품,자혜식품(주),식품제조가공업
1983061400333,천하장사 프리미엄,8801077258101,어육소시지,(주)진주햄,식품제조가공업
19880311002332,쫄깃한 약속 조림볶음용 봉,8801066150959,어묵,(주)사조대림,식품제조가공업
201204641597,떡꼬치,8809368830005,식육함유가공품,주식회사 와이앤비푸드,식품제조가공업
2000047506931,유기농백김치,8809334529308,김치,농업회사법인주식회사담채원,식품제조가공업
2010033301033,통쾌한차,8809325240274,침출차,(주)명신,식품제조가공업
197503700031,홍삼벌꿀,8801579110471,혼합음료,주식회사 원식품,식품제조가공업
2003044518153,다농원헛개열매차,8809212550486,침출차,(주)다농원,식품제조가공업
2001054954113,신라면컵,8801043015738,유탕면,(주)농심,식품제조가공업
19890445014411,생인삼통뿌리,8802774006736,인삼.홍삼음료,태웅식품(주),식품제조가공업
19970445144739,B)프레즈오레피스,8809188220994,빵류,씨제이푸드빌주식회사,식품제조가공업
1997036803625,믹스넛스낵,8802989003919,땅콩 또는 견과류가공품,(주)대봉식품,식품제조가공업
1980053200220,매일아침 새싹&씨앗우유,8801121108314,가공유,매일유업(주) 경산공장,축산물가공업-유가공업
1992035809940,오리온 콘칩,8801117755201,과자,(주)오리온 이천공장,식품제조가공업
2012026210511,치즈돈까스,8809386900018,분쇄가공육제품,돈까스뱅크(주),축산물가공업-식육가공업
201306060701,멸치명가액젓,8809382921154,액젓,원정수산,식품제조가공업
201305210801,표고버섯가루,8809365890866,기타가공품,농업회사법인 정남진장흥표고주식회사,식품제조가공업
19710275003554,군납)소보루,8801016324058,빵류,(주)샤니,식품제조가공업
201104700241,백제명가 산삼배양근추출액,8809370280065,혼합음료,백제명가영농조합법인,식품제조가공업
20030445042196,블루베리음료,8809135305095,과.채음료,(주)웰팜,식품제조가공업
1999037211139,오징어채,8807434220033,조미건어포,(주)동양식품,식품제조가공업
20060464064201,수제새알심,8809197448853,떡류,농업회사법인 주식회사 맥향,식품제조가공업
201305011737,안심,8809385943788,포장육,(주)참프레,식육포장처리업
1978061400968,딸기 빼빼로,8801062633012,과자,롯데웰푸드(주),식품제조가공업
2013032046211,자연올 천년초열매 고추장,8809401870234,고추장,자연그대로 영농조합법인,식품제조가공업
2004036049735,한우샤브샤브,8809149405804,포장육,(주)건화,식육포장처리업
19980476002228,IFF 순살정육,8801492351449,양념육,(주)하림,축산물가공업-식육가공업
1990036206648,매실차(지판기용),8801871000098,고형차,동일에프앤티(주),식품제조가공업
19970445144819,우리밀곡물쿠키냉동반죽,8809188221397,빵류,씨제이푸드빌주식회사,식품제조가공업
19990372301240,유자차,8801550236657,액상차,(주)다정,식품제조가공업
1995062108112,일송가루녹차,8809024651517,고형차,일송제다,식품제조가공업
1998026202927,스위벨 라임 코코,8801104272803,발효유,(주)빙그레,축산물가공업-유가공업
19970515071132,담양한과 한아름,8809004035078,과자,농업회사법인 (주)담양한과명진식품,식품제조가공업
1996060739263,치즈어묵,8801793072531,어묵,(주)환공식품,식품제조가공업
20110449015112,조율체비타민워터파워,8809377830195,기타가공품,주식회사오투바이오,식품제조가공업
2001046725929,고려홍삼정,8809082721214,인삼.홍삼제품,(주)고려바이오홍삼,식품제조가공업
200303806611188,나쁜엄마유기농쌀과자치즈,8809370350058,과자,(주)베베쿡,식품제조가공업
201002620367,매운양념 오리주물럭,8809313400031,양념육,(주)엠케이푸드,축산물가공업-식육가공업
2011026203237,돼지왕구이용,8809343350313,양념육,(주)고향미트,축산물가공업-식육가공업
201202311008,녹차라이스,8809353630108,곡류가공품,준바이오,식품제조가공업
2004036215721,김구원선생콩녹두전,8809003642871,기타가공품,성호,식품제조가공업
200703720483,들깨가루,8805071000070,기타가공품,성수식품,식품제조가공업
199301490231,냉채소스,8809405960054,소스,한국해양개발식품,식품제조가공업
19960378158103,오이지,8809387004715,절임식품,참맛촌,식품제조가공업
20080188175151,해머식스,8809346720199,기타가공품,진명뉴트리션,식품제조가공업
2002033278892,쏘이네즈,8809079122789,소스,(주)베지푸드,식품제조가공업
201005091734,전복김치,8809300880075,김치,(주)김경호전복,식품제조가공업
201203582261,식소다,8809360610001,혼합제제,(주)새롬푸드,식품첨가물제조업
2009024023018,42.195km FORTYTWO POWER,8809293065183,혼합음료,(주)비티진,식품제조가공업
1996037815867,웰빙오징어,8809387000656,양념젓갈,참맛촌,식품제조가공업
20060347041148,티젠 홍차라떼,8809071540369,고형차,주식회사 티젠,식품제조가공업
20060347041135,티젠펜넬,8809071549003,침출차,주식회사 티젠,식품제조가공업
20000360372104,델몬트오렌지스퀴즈,8801056039783,과.채음료,롯데칠성음료(주),식품제조가공업
19850433015956,딸기크림롤케익,8801151020808,빵류,서울식품공업(주),식품제조가공업
1999046426520,병어,8809030380692,기타 수산물가공품,논산바다,식품제조가공업
19920372050320,아꾸뿔레,8801204101423,과자,(주)청우식품,식품제조가공업
2010044200219,고려홍삼초콜릿크런치,8809281240080,초콜릿가공품,(주)한국뉴트리,식품제조가공업
201304450149,야채카네바,8809317190655,어묵,씨제이씨푸드 주식회사,식품제조가공업
1999055404613,김정환홍삼캔디,8809161000308,캔디류,풍기인삼공사영농조합법인제2공장,식품제조가공업
19910144038110,햇반흑미밥,8801007310534,즉석조리식품,씨제이제일제당주식회사,식품제조가공업
2006034704111,티젠페퍼민트,8809071540116,침출차,주식회사 티젠,식품제조가공업
201300861761,아이러브펫(반려동물소독수)/엄마가 좋아하는 주방지킴이(주방기구 소독수),8809383840010,차아염소산수,(주)에이치오씨엘,식품첨가물제조업
1993044304670,라이트업 오리지날,8801037046304,체중조절용 조제식품,동서식품(주),식품제조가공업
1987015700132,와이즐렉바나나맛우유,8806371302512,가공유,(주)푸르밀,축산물가공업-유가공업
19750202004121,Maxim 아라비카100 커피믹스,8801037035971,커피,동서식품(주),식품제조가공업
1985049901111,청정원순창양념듬뿍쌈장,8801052994147,혼합장,대상(주),식품제조가공업
19760262002119,슈레드피자치즈,8801115613510,치즈,서울우유협동조합 안산공장,축산물가공업-유가공업
1989044101055,순모과,8801914101812,액상차,한일종합식품,식품제조가공업
20060445194193,얼큰칼국수베이스,8809083701611,소스,(주)이가자연면,식품제조가공업
200905433052,우리쌀로 만든 맛있는 누룽지,8809042941058,곡류가공품,농업회사법인(주)한국라이스텍,식품제조가공업
2007036834990,영인 치즈 네모생선까스,8809335220112,기타 수산물가공품,주식회사 영인푸드,식품제조가공업
2007036834990,영인 치즈 네모생선까스,8809335220112,기타 수산물가공품,주식회사 영인푸드,식품제조가공업
2011044702727,마늘고추장,8809403060091,절임식품,농업회사법인(주)단양농특산,식품제조가공업
199805250314,하루애양파즙,8808351971183,액상차,현대영농조합법인,식품제조가공업
201205604811,더치보르딘,8809378590470,커피,주식회사 보르딘에프엔비(F&B),식품제조가공업
1993029403332,냠냠쭈꾸미볶음,8802286000994,기타 수산물가공품,(주)엔엔씨,식품제조가공업
201104450132,오니언 그라탕,8809328450359,즉석조리식품,주식회사 인스밸류,식품제조가공업
2007036446339,유효공감엔자임플러스,8809397720049,기타가공품,(주)이제트,식품제조가공업
201006279127,솥둠비,8809114612206,두부,농업회사법인서문식품주식회사,식품제조가공업
19930472005378,아소미 국수,8801759011840,건면,칠갑농산 주식회사,식품제조가공업
200104672594,홍삼절편,8809082720415,당절임,(주)고려바이오홍삼,식품제조가공업
19690086003338,빼빼로,8801062266456,초콜릿가공품,롯데웰푸드(주),식품제조가공업
197604870059,고래밥매콤한맛,8801117224301,과자,(주)오리온 제2익산공장,식품제조가공업
19690086003547,롯데스카치캔디 커피,8801062238019,캔디류,롯데웰푸드(주),식품제조가공업
200501473406,찰보리빵,8809072111339,빵류,우영식품,식품제조가공업
19910144038255,즉석미역국,8801007700151,즉석조리식품,씨제이제일제당주식회사,식품제조가공업
200604730488,광천내포재래김,8809273402663,조미김,영어조합법인 태경식품,식품제조가공업
1996045927337,김바삭이(아몬드맛),8805724293224,조미김,동이김,식품제조가공업
19940471029146,하이즐홍게스틱,8809116170032,기타 수산물가공품,우일수산(주),식품제조가공업
19780368002304,트로피카나골드포도,8801056019617,과.채주스,롯데칠성음료(주),식품제조가공업
19690086003316,자일리톨 휘바 그린베리,8801062218912,추잉껌,롯데웰푸드(주),식품제조가공업
1988062201217,지리산 깻잎 장아찌,8809332012062,절임식품,참들애바이오푸드 영농조합법인,식품제조가공업
1988062201217,선비비책도라지청,8809332012062,액상차,참들애바이오푸드 영농조합법인,식품제조가공업
196806210017,옥로 홍차(티백),8804043000414,침출차,화개제다,식품제조가공업
200903790141,횡성 궁중 떡갈비1,8809263790039,분쇄가공육제품,횡성궁중떡갈비,축산물가공업-식육가공업
1993046102263,이마트달콤한고칼슘두유,8801753100526,가공두유,연세대학교 연세유업,식품제조가공업
2008036445910,연잎영양밥,8809274138806,곡류가공품,백설연차,식품제조가공업
2012047307310,장심원 절임 맛장소스,8809362220055,절임식품,성원냉동식품(주),식품제조가공업
199704431198,땅콩카라멜,8801111913041,캔디류,(주)크라운제과진천공장,식품제조가공업
1999046426521,꽁치,8809030380098,기타 수산물가공품,논산바다,식품제조가공업
1987046106863,콘?,8801111183697,과자,(주)크라운제과 아산공장,식품제조가공업
201303970374,한식간장,8809421040044,한식간장,구수담 영농조합법인,식품제조가공업
19870358015359,본고장비빔쌀국수,8801085069362,숙면,한일식품(주),식품제조가공업
201203324262,가온고춧가루(중국산),8809362840451,고춧가루,농업회사법인 가온에프에스주식회사,식품제조가공업
1994026200130,참맛나는육포(돈육),8802456311103,건조저장육류,(주)홍선,축산물가공업-식육가공업
2002037219849,백 김치,8809252698827,김치,세복식품,식품제조가공업
201304941863,내눈애(愛)블루베리즙,8809410850043,액상차,삼삼농원,식품제조가공업
19980355336311,고려홍삼기력보수(秀),8809013352128,인삼.홍삼음료,고려인삼과학(주),식품제조가공업
19960458039292,웅진 자연은 내사랑알로에,8801382130390,혼합음료,웅진식품(주),식품제조가공업
20110275237218,후레쉬 캔과일 삼색 3,8809368810304,신선편의식품,(주)더 쉐프,식품제조가공업
19970368015332,자연주의유기농보리차,8809020763160,침출차,청오건강 농업회사법인(주),식품제조가공업
2001062411250,맛김치,8801024190256,김치,대상(주)거창공장,식품제조가공업
201303790051,춘천닭갈비,8809391150019,양념육,춘천닭갈비영농조합법인,축산물가공업-식육가공업
1974060600128,커피맛캔디,8803248000281,캔디류,칠성제과,식품제조가공업
2010040001412,화천블루베리비타미,8809394930410,캔디류,건국건강 영농조합법인,식품제조가공업
1989044900211,남양아기랑콩이랑-2,8801069212685,성장기용 조제식,남양유업 주식회사 천안공장,식품제조가공업
200904760112,액티비아 병 플레인,8809274515027,농후발효유,풀무원다논주식회사,축산물가공업-유가공업
20010445055155,오뚜기강황밥,8801045890487,즉석조리식품,(주)오뚜기,식품제조가공업
201301608274,무뼈닭발,8809395740100,포장육,주식회사 영화식품,식육포장처리업
1987053300339,오다리슬라이스,8801308439514,조미건어포,정화식품(주),식품제조가공업
201103685598,다들림 참 볶음참깨 분말가루,8809417220115,기타 농산가공품,주식회사 다들림푸드,식품제조가공업
2003026203556,꿀맛구이용갈비,8809347801125,양념육,농업회사법인 꿀맛나는세상 주식회사,축산물가공업-식육가공업
2006044309534,버섯송송팬두부,8801007125961,가공두부,씨제이제일제당(주),식품제조가공업
1991035514822,호리호리 신당동 쌀떡볶이,8803560010401,떡류,(주)송학식품(제1공장),식품제조가공업
2002036410376,레몬디톡,8809139082923,혼합음료,안국건강주식회사,식품제조가공업
1984021300158,해태호두마루,8801019502149,아이스크림,해태아이스크림(주)광주공장,축산물가공업-유가공업
1997062309517,인산무엿,8801969332049,기타가공품,농업회사법인 주식회사 인산농장,식품제조가공업
1985044900115,삼육 위조이,8801136401318,혼합음료,삼육식품,식품제조가공업
199901931481,고추가루,8809398580086,고춧가루,일광식품,식품제조가공업
2004014113036,단팥빵,8805345000256,빵류,동화베이커리,식품제조가공업
2011036214326,금모닝쑥쑥알곡,8809349300275,즉석섭취식품,농업회사법인 김포농식품(주),식품제조가공업
2002056801214,오이지,8809115190642,절임식품,(주)진푸드,식품제조가공업
200905290392,갯마을 재래구이김,8809045790097,조미김,(주)청해진수산,식품제조가공업
19870189001266,모짜렐라치켓,8801007577746,분쇄가공육제품,씨제이제일제당(주),축산물가공업-식육가공업
1992035809941,눈을 감자,8801117724900,빵류,(주)오리온 이천공장,식품제조가공업
198705890809,몽고간장 순,8801301001428,혼합간장,몽고식품주식회사,식품제조가공업
1988031100230,야채돌이,8801066200227,어묵,(주)사조대림,식품제조가공업
1985026200478,오색오감그린,8801104273015,발효유,(주)빙그레 광주공장,축산물가공업-유가공업
1998047600249,부대찌개 후랑크,8801492602404,소시지,(주)하림,축산물가공업-식육가공업
19780614001244,Lotte비타파워,8801056005221,혼합음료,롯데칠성음료(주),식품제조가공업
1971027500395,땅콩샌드,8801016323266,빵류,(주)샤니,식품제조가공업
201003470157,전철우육개장,8809382570437,즉석조리식품,(주)태종에프디,식품제조가공업
19980262029147,끌레도르 치즈케익,8801104171007,빵류,(주)빙그레,축산물가공업-유가공업
201101811247,어성초 분말,8809287660905,고형차,농업법인 주식회사 미산약초농장,식품제조가공업
1976048700593,예감 치즈그라탕맛,8801117233907,과자,(주)오리온 제2익산공장,식품제조가공업
200904420402,유기명일엽녹즙,8809231002454,과.채주스,(주)풀무원녹즙,식품제조가공업
2013057305921,번개 밤 떡국,8809394230008,떡류,(주)굿또르푸드,식품제조가공업
201303207552,노루궁뎅이버섯 발효액,8809399010018,기타발효음료,(주)다빔솔루션,식품제조가공업
1991034402189,미닛메이드 오리지널 오렌지 100 원제 제1A부,8801094652029,혼합제제,한국코카콜라유한회사,식품첨가물제조업
200405010143,분말청국장,8809145170041,기타가공품,부경식품,식품제조가공업
201203324262,가온고춧가루(중국산),8809362840307,고춧가루,농업회사법인 가온에프에스주식회사,식품제조가공업
20110449015106,조율체발포비타C 1000,8809377830447,기타가공품,주식회사오투바이오,식품제조가공업
1999056904917,볶음콩가루,8803906111076,두류가공품,삼진식품,식품제조가공업
1993046102222,연세두유 검은콩,8801753002219,가공두유,연세대학교 연세유업,식품제조가공업
2010044517524,생강차,8801815371093,고형차,(주)고려에프디,식품제조가공업
201003304323,즉석고추장주물럭양념,8809315110136,소스,청맥식품,식품제조가공업
201003304323,즉석고추장주물럭양념,8809315110136,소스,청맥식품,식품제조가공업
197102750031445,기로로의초코파운드,8801016341437,빵류,(주)샤니,식품제조가공업
19830262001146,숯불구이바베큐,8801227130172,햄,(주)사조오양 평택공장,축산물가공업-식육가공업
2000032015519,홍삼꿀차,8809033180275,액상차,(주)고려인삼뿌리방,식품제조가공업
2000032015519,홍삼꿀차,8809033180275,액상차,(주)고려인삼뿌리방,식품제조가공업
2011046310321,쌀로 만든 국수,8809392740110,숙면,농업회사법인 우리미단 주식회사,식품제조가공업
1984035500788,초록이슬,8803493472253,기타가공품,가나다식품산업사,식품제조가공업
197201250012,대림선요리조리비엔나,8801066014114,소시지,(주)사조대림,축산물가공업-식육가공업
1986056002981,생크림홈런볼,8801019306501,과자,해태제과식품(주),식품제조가공업
1986056002981,생크림홈런볼,8801019306501,과자,해태제과식품(주),식품제조가공업
199503380153030,해피플러스토스트식빵,8801068116090,빵류,주식회사 에스피씨삼립,식품제조가공업
2008061458751,손수 듬북담북 삼계탕,8809257828441,식육추출가공품,(주)아워홈,축산물가공업-식육가공업
19780368002407,델몬트포도100,8801056064150,과.채주스,롯데칠성음료(주),식품제조가공업
2011060805848,웰빙엄마마음즉석맘마-자색고구마-,8809374370366,과자,바이오에프이주식회사,식품제조가공업
201004960294,오뜨크란베리 뮤슬리,8809183812033,곡류가공품,(주)카소,식품제조가공업
200401443051,난나나콘,8802234111161,과자,주식회사 에이앤제우스,식품제조가공업
20020568012104,하회마을우엉절임,8809115190314,절임식품,(주)진푸드,식품제조가공업
1993044304611,스타베리,8801037002027,시리얼류,동서식품(주),식품제조가공업
2011058938414,김치라면밥,8809287910727,즉석조리식품,건농식품,식품제조가공업
19980476015198,SMART EATING 무지방 고칼슘 요구르트 세븐베리,8806371304677,발효유,(주) 푸르밀,축산물가공업-유가공업
19890445014331,페르시아석류,8802774006101,혼합음료,태웅식품(주),식품제조가공업
19930606076278,모듬꼬치어묵,8802249601176,어묵,(주)남부식품,식품제조가공업
201105991227,부산을숙도어묵,8809025430128,어묵,(주)부산해정식품,식품제조가공업
201105991227,부산을숙도어묵,8809025430128,어묵,(주)부산해정식품,식품제조가공업
1993037900152,블루베리오리바베큐,8809354310092,햄,장안푸드,축산물가공업-식육가공업
200903600023,구운캐슈넛,8803939212405,땅콩 또는 견과류가공품,나라통상(주),식품제조가공업
2011018112445,개똥쑥 환,8809287660370,기타가공품,농업법인 주식회사 미산약초농장,식품제조가공업
1995020805610,참기름,8801039050026,참기름,(주)사조대림,식품제조가공업
2000051603049,김부각(반제품),8809010854168,조미김,주식회사자연가농업회사법인,식품제조가공업
1996052804024,참맛기름,8809239791046,향미유,참들식품,식품제조가공업
200803790066,일동후디스 프리미엄 후레쉬 S-2(스틱),8801157330352,영아용 조제유,일동후디스(주),축산물가공업-유가공업
201304590945,한산모시김,8809395190127,조미김,(주)화란수,식품제조가공업
2005034414374,오리지날번,8809071350012,빵류,하나푸드,식품제조가공업
19690086003356,애플쨈쿠키,8801062248773,null,롯데웰푸드(주),식품제조가공업
201306275123,도르멍친환경무농약당근분말,8809399980205,과.채가공품,구좌친환경당근영농조합법인,식품제조가공업
201206081451,열매 고춧가루(수입산),8809381400513,고춧가루,열매농수산,식품제조가공업
200805601816,수타식손칼국수,8809000831148,생면,피앤엘푸드,식품제조가공업
201200703131,피포카브라운슈거팝콘,8809385990058,과자,메이징,식품제조가공업
2003020802478,쭈꾸미불고기,8809152412073,기타가공품,(주)미트뱅크,식품제조가공업
2001046700113,고려홍삼정과골드,8809059644324,당절임,주식회사동진제약,식품제조가공업
2002030829371,미숫가루쿠키,8803372011054,과자,농업회사법인(주)우리식품,식품제조가공업
1995020805625,해표 포도씨유,8801039205136,기타식물성유지,(주)사조대림,식품제조가공업
1994057201216,삼육소이트로피칼퓨전,8801136361568,과.채음료,삼육네이처세븐,식품제조가공업
19930472005211,칠갑국수,8801759002794,건면,칠갑농산 주식회사,식품제조가공업
2002053870813,옥이깍두기,8809160204073,김치,주식회사 옥종합식품,식품제조가공업
1999049309348,우리밀약과,8804845202115,과자,오성푸드,식품제조가공업
200304490174,멸치그린다시,8809077086007,복합조미식품,주식회사 두원식품,식품제조가공업
2004037234352,우리쌀로 만든 고소한 스넥,8809156333756,과자,(주)대영지에프,식품제조가공업
19960308010365,카페드롭탑카페모카,8806002011448,커피,광동제약주식회사,식품제조가공업
2006057009022,흥부가청량,8809356630549,향신료조제품,신대감식품,식품제조가공업
200503752347,토골미 볶은참깨,8809204237302,기타가공품,(주) 토골미,식품제조가공업
19740344001148,조지아 오리지널 원제 제2부,8801094563035,혼합음료,한국 코카콜라 유한회사,식품제조가공업
1998046701055,와이즐렉 현미녹차,8801767100765,침출차,녹차원주식회사,식품제조가공업
201303470928,통마늘지,8809354870619,절임식품,(주)이음푸드시스템 가동,식품제조가공업
201003646836,아이스 원두커피 (아메리카노),8809081560265,커피,(주)아로마빌커피,식품제조가공업
1987053300340,백진미오징어,8801308437374,조미건어포,정화식품(주),식품제조가공업
1992048729217,하림 치즈스틱,8801492404992,즉석조리식품,(주)하림,식품제조가공업
19890445014270,육년근진홍삼,8802774005494,인삼.홍삼음료,태웅식품(주),식품제조가공업
2013034709224,무말랭이무침,8809354870022,절임식품,(주)이음푸드시스템 가동,식품제조가공업
1998046701021,천마차,8801767700200,고형차,녹차원주식회사,식품제조가공업
2011045800329,햇살마니고춧가루,8809356640234,고춧가루,농가애 주식회사 농업회사법인,식품제조가공업
2003026203620,세성 동그랑땡,8809328840037,분쇄가공육제품,(주)세성,축산물가공업-식육가공업
201102217171,자연이구운바나나쌀과자,8809383190122,과자,아이밀,식품제조가공업
2002049600450,반딧골블루베리,8809212401146,과.채주스,무주덕유산반딧골영농조합법인,식품제조가공업
2000047506910,담채원 총각김치,8809334527113,김치,농업회사법인주식회사담채원,식품제조가공업
1994026200153,돈육포 매운맛,8802456329528,건조저장육류,(주)홍선,축산물가공업-식육가공업
199605190256,보성현미녹차 티백,8804918021117,침출차,영농조합법인 보성제다,식품제조가공업
200903110243,오리엔탈드레싱,8809148384094,소스,(주)사랑과정성,식품제조가공업
200903110243,오리엔탈드레싱,8809148384094,소스,(주)사랑과정성,식품제조가공업
1990014406727,죽염돌김,8801498100607,조미김,(주)남광식품,식품제조가공업
200703581427,한움큼 넛츠 라이트,8809014313104,땅콩 또는 견과류가공품,(주)풍요론,식품제조가공업
200703581427,한움큼 넛츠 라이트,8809014313104,땅콩 또는 견과류가공품,(주)풍요론,식품제조가공업
19910344021153,미닛메이드 후레쉬 스쿨@ 오렌지 원제 제 1D부,8801094453800,혼합제제,한국코카콜라유한회사,식품첨가물제조업
1983048705131,다이제초콜릿,8801117220808,준초콜릿,(주)오리온 제3익산공장,식품제조가공업
2006037900470,범산목장 유기농 아이스크림 믹스10,8809194161083,아이스크림믹스,범산목장,축산물가공업-유가공업
199105010392,감자전분,8809096510170,전분,주식회사 한교,식품제조가공업
2003036816154,믹스너트,8809022200908,땅콩 또는 견과류가공품,(주)바프,식품제조가공업
19750358001110,홈살구,8801052732787,농축과.채즙(또는 과.채분),(주)대상다이브스 이천공장,식품제조가공업
19750358001110,홈살구,8801052732787,농축과.채즙(또는 과.채분),대상(주) 이천공장,식품제조가공업
201203836931,정품닭갈비양념소스,8809356738863,소스,정품푸드,식품제조가공업
197102750032101,초코링페스트리,8801016353799,빵류,(주)샤니,식품제조가공업
1987053300365,오징어의 참맛,8801308428020,조미건어포,정화식품(주),식품제조가공업
196903920039,고바우 오징어젓,8807261010296,양념젓갈,(주)고바우푸드,식품제조가공업
1987035801553,해물맛 우동,8801085010258,숙면,한일식품(주),식품제조가공업
20090311024110,굴소스-1,8809148384551,소스,(주)사랑과정성,식품제조가공업
20090311024110,굴소스-1,8809148384551,소스,(주)사랑과정성,식품제조가공업
201003304324,즉석소불고기양념,8809315110068,소스,청맥식품,식품제조가공업
201003304324,즉석소불고기양념,8809315110068,소스,청맥식품,식품제조가공업
19980476002478,자연실록닭가슴살훈제,8801492359797,햄,(주)하림,축산물가공업-식육가공업
19710275003731,검은콩 페스트리,8801016327691,빵류,(주)샤니,식품제조가공업
2013050117357,볶음탕용,8809385944181,포장육,(주)참프레,식육포장처리업
197102750032253,따삐오)링도너츠,8801016329855,빵류,(주)샤니,식품제조가공업
19750621001145,김동곤 명인이 만든 뽕잎차,8805167021392,침출차,농업회사법인 쌍계명차 주식회사,식품제조가공업
1996049502058,엔자임팻다운(Enzyme Fat Down),8809314909007,기타가공품,주식회사 푸른생명,식품제조가공업
2001050392515,키토산소금,8809103250334,복합조미식품,바이오테크(주),식품제조가공업
201305000033,천만금 함초소금,8809348380131,가공소금,해리농협천일염가공사업소,식품제조가공업
2010027511931,홍삼 라이스크런치,8809336790058,초콜릿가공품,주식회사 초코비,식품제조가공업
1994014402633,땅콩맛캔디,8801268000304,캔디류,동아제과,식품제조가공업
2010008074841,초코월넛,8809406370135,과자,더업코리아(the up korea),식품제조가공업
2010008074841,초코월넛,8809406370135,과자,더업코리아(the up korea),식품제조가공업
200903471463,참옻샘 골드,8809149922240,기타가공품,(주)참옻나라,식품제조가공업
2010020005210,삼색경단,8809188140384,떡류,(주)예당식품,식품제조가공업
2011026202174,다림방 돈육포,8809344170200,건조저장육류,명일축산영농조합,축산물가공업-식육가공업
201204020263,황금빛하늘내린황태포,8809360172530,건어포,용대황태연합단 대륭영농조합법인,식품제조가공업
2001046725967,고려홍삼차,8809082721528,고형차,(주)고려바이오홍삼,식품제조가공업
20090445082257,규동양념,8809322190107,식육함유가공품,에이푸드 주식회사,식품제조가공업
19840355007100,검은곡류야채은행죽,8803493472703,즉석조리식품,가나다식품산업사,식품제조가공업
2000060752838,피너스율무밀,8809066240014,즉석조리식품,태평양실업,식품제조가공업
2009018900934,한우곰탕,8809368380135,식육추출가공품,농업회사법인 주식회사 비젼푸드,축산물가공업-식육가공업
2011025414528,옛간참기름,8809364164234,참기름,(주)옛간,식품제조가공업
20030294318235,이마트 먹는 해양심층수로 담근 돌산갓김치,8803601820525,김치,(주)한성식품,식품제조가공업
1994060734015,안가네 천년의맛 묵은지,8802257066288,김치,농업회사법인(주)대광에프앤지,식품제조가공업
2009049307717,참기름,8809173533221,참기름,(주)참푸드,식품제조가공업
200802752528,플레인 베이글(생지),8809268610325,빵류,구스F&B(주) 1공장,식품제조가공업
2010056045019,아람드리유자,8809087720168,과.채음료,농업회사법인아람농장(주),식품제조가공업
200902946865,대한진한기름,8809249450056,혼합식용유,대한식품,식품제조가공업
19910144038301,백설 사과식초,8801007694832,발효식초,씨제이제일제당주식회사,식품제조가공업
19900461103116,감자전분,8802060002497,전분가공품,(주)우리승진식품,식품제조가공업
201305210801,표고버섯가루,8809365890484,기타가공품,농업회사법인 정남진장흥표고주식회사,식품제조가공업
200501560255,요리박사홍게맛간장소스,8809175830182,소스,바론식품 주식회사,식품제조가공업
19710275003836,버터롤,8801016218210,빵류,(주)샤니,식품제조가공업
200506170887,해표대두유(콩기름),8801039203392,콩기름(대두유),(주)사조대림 칠서공장,식품제조가공업
19750202004159,카누 마일드 로스트 스위트 아메리카노,8801037050974,커피,동서식품(주),식품제조가공업
199606210847,다정 이경숙 우전,8809044755028,침출차,햇차원,식품제조가공업
19850433015148,핑크롤,8801151005515,빵류,서울식품공업(주),식품제조가공업
19690086003152,롯데회오리,8801062117215,과자,롯데웰푸드(주),식품제조가공업
2003009448213,조제 감자전분,8805972013056,전분가공품,주식회사 풍전,식품제조가공업
2003009448213,조제 감자전분,8805972013056,전분가공품,풍전식품,식품제조가공업
1998046415549,진정원,8806111178278,혼합음료,(주)한국신약,식품제조가공업
19990372231153,참다음 식혜,8809028406166,혼합음료,(주)파낙스코리아,식품제조가공업
1999055404614,김정환홍삼젤리,8809161006065,캔디류,풍기인삼공사영농조합법인제2공장,식품제조가공업
1975044300192,설록 맑은 햇살 그린티,8801042646407,침출차,농업회사법인(주)오설록농장,식품제조가공업
1975044300192,설록 맑은 햇살 그린티,8801042646407,침출차,(주)오설록농장,식품제조가공업
19980464155137,보력정,8806550027212,기타가공품,(주)한국신약,식품제조가공업
199105954397,완두통조림(2),8809175471002,두류가공품,삼덕물산(주),식품제조가공업
200804351693,달지 않고 고소한 콘프레이크,8809261530286,시리얼류,(주)씨알푸드,식품제조가공업
19890445014241,6년근진홍삼,8802774005296,인삼.홍삼음료,태웅식품(주),식품제조가공업
2004037234330,웰빙현미스낵,8809156332001,과자,(주)대영지에프,식품제조가공업
201203580252,전통된장,8809381540028,한식된장,민가네식품,식품제조가공업
1976052300128,스페인산 100% 올리브유,8807596412369,올리브유,(주)유맥,식품제조가공업
19980355336334,고려인삼차,8809013350261,고형차,고려인삼과학(주),식품제조가공업
201204940093,김센베이,8809351050045,과자,주식회사 명인제과,식품제조가공업
19980476015155,비피더스 유자,8806371303373,발효유,(주) 푸르밀,축산물가공업-유가공업
200101546956,무말랭이차,8809357430070,침출차,성은식품,식품제조가공업
2013034704211,우래초코베리,8809389050123,초콜릿가공품,(주)천하코퍼레이션 용인공장,식품제조가공업
2001051508195,초이스엘 포도 드링크,8809129093106,과.채음료,(주)자연과사람들,식품제조가공업
1998046701052,녹차라떼,8801767250057,고형차,녹차원주식회사,식품제조가공업
201204815001,천연담아 멸치가루,8809421020008,기타 수산물가공품,(유)천연담아,식품제조가공업
201204815001,천연담아 멸치가루,8809421020008,기타 수산물가공품,(유)천연담아,식품제조가공업
1998063100427,한라산섬오가피엑기스,8807993305141,액상차,탐라야채마을영농조합법인,식품제조가공업
19850433015389,두맛빵,8801151007410,빵류,서울식품공업(주),식품제조가공업
1998036200216,마늘가루,8808211000244,향신료조제품,소연식품(주),식품제조가공업
19850433015731,치즈크림소보로빵,8801151018577,빵류,서울식품공업(주),식품제조가공업
1996037815814,어리굴젓,8809387002049,젓갈,참맛촌,식품제조가공업
200705690423,천지빛깔매실고추장,8809361960099,고추장,천지빛깔,식품제조가공업
201204840422,사랑해 황금조기,8809288000007,기타 수산물가공품,(유)아리울수산,식품제조가공업
1998044800537,수제등심돈까스,8809174120604,분쇄가공육제품,(주)미가온푸드,축산물가공업-식육가공업
19920364132275,석류미인,8806008940797,혼합음료,에이치엘비제약향남공장,식품제조가공업
1971048700215,쇠고기맛면,8801073102224,유탕면,삼양식품(주)익산공장,식품제조가공업
2012044800524,직화 불고기 애니바,8809368830111,분쇄가공육제품,주식회사 와이앤비푸드,축산물가공업-식육가공업
1980053200276,엔요 블루베리,8801121753828,발효유,매일유업(주) 경산공장,축산물가공업-유가공업
19930336060213,화영현미식초,8801052431031,발효식초,대상(주)오산공장,식품제조가공업
19950433026133,보령뷰티화이바,8804074600355,혼합음료,(주)금강비앤에프,식품제조가공업
201306250981,강양양파진액,8809298920050,액상차,농업회사법인 합천유통 주식회사,식품제조가공업
19810262002121,매일프로바이오GG(지지)포도,8801121107775,발효유,매일유업(주)평택공장,축산물가공업-유가공업
2009051501827,한지2호,8809319290186,과자,주식회사 강성에프앤비옛사랑한과,식품제조가공업
197102750033118,굿모닝바로굽는 토스트,8801016364252,빵류,(주)샤니,식품제조가공업
1996036821623,인디팝콘점보믹스,8801216711412,과자,대한푸드텍(주),식품제조가공업
1996036821623,인디팝콘점보믹스,8801216711412,과자,대한푸드텍(주),식품제조가공업
19880311002146,게맛살,8801066490093,어묵,(주)사조대림,식품제조가공업
19720288002802,3배양조식초,8801045213217,발효식초,주식회사 오뚜기,식품제조가공업
2006039211837,이정희 명란젓,8809318400043,양념젓갈,(주)정이푸드빌,식품제조가공업
201101444286,오징어 채,8809289442035,기타 수산물가공품,주식회사 길조,식품제조가공업
201303750041,자연빛고추가루(국내산),8809386240077,고춧가루,(주)월송농산,식품제조가공업
1988058906330,동원전복죽,8801047856269,즉석조리식품,(주)동원F&B,식품제조가공업
1992040200543,황기진액,8802171100587,침출차,농업회사법인 주식회사 엠제이푸드,식품제조가공업
1995020805639,해표해바라기유,8801039204351,해바라기유,(주)사조대림,식품제조가공업
200006014522,경주빵,8809357080008,빵류,(주)상복명과원,식품제조가공업
200006014522,경주빵,8809357080008,빵류,농업회사 법인 주식회사 상복명과원,식품제조가공업
2007018820587,진미오징어볶음(양념),8809357771104,조림류,농업회사법인 주식회사 초록들,식품제조가공업
2007018820553,행복찬미 느타리버섯볶음,8809357770589,조림류,농업회사법인 주식회사 초록들,식품제조가공업
2010044200257,오미자초코릿크런치,8809281241025,초콜릿가공품,(주)한국뉴트리,식품제조가공업
19720288002674,소불고기 양념,8801045130057,소스,주식회사 오뚜기,식품제조가공업
2012044800313,찜닭,8809029117483,식육추출가공품,(주)동우에프엔씨,축산물가공업-식육가공업
2004044526815,충주사과비타미,8809001232050,캔디류,(주)아오스,식품제조가공업
201304760048,참프레 후라이드치킨,8809385943214,양념육,(주)참프레,축산물가공업-식육가공업
19970443119242,미니쉘 골드피넛,8801111901888,밀크초콜릿,(주)크라운제과진천공장,식품제조가공업
19980262020168,궁중너비아니,8807022000252,프레스햄,주식회사 태림에프웰,축산물가공업-식육가공업
1999027504010,도토리 묵1,8809413580008,묵류,(주)도담,식품제조가공업
1999027504010,도토리 묵1,8809413580008,묵류,남한산성식품,식품제조가공업
197303320083,프루츠라떼 프루띠 허니 애플,8801104211963,과.채음료,(주)빙그레,식품제조가공업
2003026203631,세성 치킨카라아게,8809328840280,분쇄가공육제품,(주)세성,축산물가공업-식육가공업
2001046725910,장뇌삼진액,8809082722402,인삼.홍삼음료,(주)고려바이오홍삼,식품제조가공업
2013052802311,미과야고급백색전병,8809403670054,과자,선경산업,식품제조가공업
1993019934921,낙지볶음밥Ⅱ,8801284262854,즉석조리식품,천일식품(주),식품제조가공업
1996037815849,오징어쌈장,8809387001004,양념젓갈,참맛촌,식품제조가공업
201004590092,햇살구운김전장김,8809289061120,조미김,대천맛나식품,식품제조가공업
20040227578570,불고기버거,8809400710159,즉석섭취식품,주식회사 웰던에프에스,식품제조가공업
197102750032266,로켓단의 못말려 초코롤,8801016356448,빵류,(주)샤니,식품제조가공업
19740344001159,코카콜라제로 원제 제2C부,8801094082802,혼합음료,한국 코카콜라 유한회사,식품제조가공업
1992048729217,하림 치즈스틱,8801492355676,즉석조리식품,(주)하림,식품제조가공업
20050568034110,아삭아삭 쌈무 새콤한맛,8804453111304,절임식품,한아름영농조합법인,식품제조가공업
19940449005121,아이스쿨레드루비,8801019409998,추잉껌,해태제과식품(주)천안2공장,식품제조가공업
20030262041262,치킨커리,8809013404636,프레스햄,에쓰푸드홀딩스 주식회사,축산물가공업-식육가공업
1994045915223,꼴뚜기젓,8804818000595,양념젓갈,오천농협액젓가공공장,식품제조가공업
19740344001197,파워에이드 리커버 원제 제2A부,8801094181031,음료베이스,한국 코카콜라 유한회사,식품제조가공업
19980355336136,홍삼기력정,8809013354870,액상차,고려인삼과학(주),식품제조가공업
2007037900933,후디스 그릭요거트 저지방,8801157491688,농후발효유,일동후디스(주)횡성유가공공장,축산물가공업-유가공업
2001054954186,채식주의순(純),8801043007146,유탕면,(주)농심,식품제조가공업
1971037200158,담터한차,8803284602050,고형차,(주)담터,식품제조가공업
2004044539337,셀덕 롤 로스,8809222050525,포장육,(주)모란식품,식육포장처리업
201102217171,자연이구운바나나쌀과자,8809383190399,과자,아이밀,식품제조가공업
19980476015145,초이스엘(CHOICE L) 부드러운 생크림요구르트,8806371303328,크림발효유,(주) 푸르밀,축산물가공업-유가공업
201206273562,제주한라봉초콜릿,8809351393036,준초콜릿,새오름영농조합법인,식품제조가공업
1976048700559,나는 젤리야!,8801117309701,캔디류,(주)오리온 제2익산공장,식품제조가공업
2004044526824,건국석류비타미파워,8809001239301,캔디류,(주)아오스,식품제조가공업
2000051603049,김부각(반제품),8809010854144,조미김,주식회사자연가농업회사법인,식품제조가공업
201102620656,양념오돌뼈,8809386030081,양념육,(주)한성푸드,축산물가공업-식육가공업
1998025705270,양념깻잎,8801253121878,절임식품,주식회사 일미농수산,식품제조가공업
1997036422824,개나리콘,8809251360060,과자,다해제과,식품제조가공업
200104040273,킹메사마코푸액,8809353550031,액상차,척산바이오텍,식품제조가공업
201304490131,땅콩초코스틱,8809399460004,초콜릿가공품,주식회사선영푸드,식품제조가공업
2009044801718,돼지왕갈비,8809389381005,양념육,애플푸드,축산물가공업-식육가공업
1975020200480,맥스웰하우스 커피믹스 헤이즐넛향,8801037028355,커피,동서식품(주),식품제조가공업
1983048705117,초코송이,8801117437114,초콜릿가공품,(주)오리온 제3익산공장,식품제조가공업
2001055843643,깐마늘,8809072710211,절임식품,농업회사법인(주)세명농산,식품제조가공업
2001037013416,메밀전병,8809072431505,과자,유진제과,식품제조가공업
1994044514487,CJ하선정맛김치,8801007091334,김치,씨제이제일제당(주),식품제조가공업
19830190020328,홈플러스 도너츠가루,8801176253250,곡류가공품,대한제분(주),식품제조가공업
2006037007771,야채빵,8809199060855,빵류,(주)아밀,식품제조가공업
198803110022,어사또,8801066100824,어묵,(주)사조대림,식품제조가공업
1981022700730,썬업100포도,8801121504420,농축과.채즙(또는 과.채분),매일유업(주)광주공장,식품제조가공업
1973034700114,국산손두부,8809112991075,두부,삼영식품,식품제조가공업
1976048700525,포도과즙 그대로 마이구미,8801117306502,캔디류,(주)오리온 제2익산공장,식품제조가공업
19690086003582,마카다미아초코볼,8801062279272,초콜릿가공품,롯데웰푸드(주),식품제조가공업
20010624112122,종가집포기김치,8801024055302,김치,대상(주)거창공장,식품제조가공업
1986058904337,맥심웰빙1/2칼로리모카골드마일드커피믹스,8801037043884,커피,동서식품(주),식품제조가공업
201203950923,늘해랑서리태뻥,8809373683009,두류가공품,개나리영농조합법인,식품제조가공업
19980464155140,청동매환,8806111174010,기타가공품,(주)한국신약,식품제조가공업
2008047304351,현미고치,8809269554093,과자,주식회사 가온앤푸드,식품제조가공업
200904731108,광천해저파래김,8809275103810,조미김,(주)해저식품,식품제조가공업
1985036001721,오양창란젓,8801088420276,양념젓갈,(주)사조오양 안성공장,식품제조가공업
200506282011,제주감귤돈까스소스,8809357800002,소스,행운식품,식품제조가공업
2002062300964,화이바C 플러스,8806031000994,혼합음료,퓨어플러스(주),식품제조가공업
19970443119146,마이쮸,8801111182348,캔디류,(주)크라운제과진천공장,식품제조가공업
2013050117352,정육,8809385943467,포장육,(주)참프레,식육포장처리업
20130528041103,계란말이김치볶음주먹밥,8809047014757,즉석섭취식품,(주)현대푸드시스템,식품제조가공업
19980449002125,썬키스트후레쉬100오렌지,8801105906189,농축과.채즙(또는 과.채분),해태에이치티비주식회사,식품제조가공업
201205710832,예천어무이참기름,8809379572000,참기름,영농조합법인 참들,식품제조가공업
200903951071,안흥손찐빵,8809288470206,빵류,진성에프엔비,식품제조가공업
